id,first_name,last_name,email,department,team_id,grade,country,fte_hours,pension_enrol,salary,pay_detail_id,start_date
1,Ibbie,Roscrigg,iroscrigg0@google.fr,Legal,9,0.0,Nigeria,0.25,Yes,97667.0,1,2014-12-25
2,Sylas,Smallcomb,,Training,3,0.0,Macedonia,0.75,No,48556.0,2,1991-08-01
4,Osmund,Kittel,okittel3@bloomberg.com,Legal,10,0.0,United Kingdom,1.0,Yes,51200.0,4,2007-09-06
5,Feodora,Dumingos,fdumingos4@bandcamp.com,Engineering,2,0.0,Indonesia,0.5,Yes,60460.0,5,1990-03-28
6,Peter,de Vaen,pdevaen5@mail.ru,Product Management,2,1.0,Greece,0.5,No,32060.0,6,1992-06-30
7,Livy,Coneau,lconeau6@sciencedaily.com,Marketing,2,0.0,China,0.25,No,88481.0,7,2018-11-11
8,Misti,Toll,mtoll7@addthis.com,Support,10,0.0,Philippines,0.75,No,81088.0,8,2008-07-06
9,,Spawforth,tspawforth8@flavors.me,Product Management,5,0.0,Russia,1.0,No,61847.0,9,2013-01-18
10,Seymour,Crumbleholme,scrumbleholme9@lycos.com,Training,9,0.0,Indonesia,0.75,No,48322.0,10,2015-09-05
11,Idaline,Pawfoot,ipawfoota@oracle.com,Marketing,1,0.0,Greece,0.25,Yes,56593.0,11,2017-09-29
12,Thorstein,Garr,tgarrb@icio.us,Legal,1,0.0,China,0.75,No,39926.0,12,2012-03-23
13,Jessa,Orman,jormanc@eepurl.com,Marketing,3,0.0,China,0.25,No,30138.0,13,2008-10-22
14,Harlen,Cottu,hcottud@theguardian.com,Engineering,4,0.0,Mexico,0.25,,75705.0,14,2012-12-18
15,Minette,Scamadin,mscamadine@phoca.cz,Accounting,6,1.0,Indonesia,0.5,No,84127.0,15,1990-10-08
16,Augusta,Andresen,aandresenf@google.co.jp,Sales,3,0.0,China,1.0,No,42571.0,16,2018-12-07
17,Janie,Bourgaize,jbourgaizeg@imageshack.us,Services,6,1.0,Philippines,1.0,Yes,76831.0,17,2005-09-07
18,Feliks,Balhatchet,fbalhatcheth@usa.gov,Business Development,8,0.0,Ukraine,1.0,No,81815.0,18,2008-03-01
19,Robby,Harragin,,Legal,10,0.0,South Korea,0.25,Yes,70830.0,19,1998-07-20
20,Paula,Bloggett,pbloggettj@lulu.com,Research and Development,4,0.0,Mozambique,0.25,Yes,,20,2009-08-06
21,Fina,Klimt,,Business Development,5,0.0,China,0.25,Yes,,21,2006-06-03
22,Carie,Rimbault,crimbaultl@dyndns.org,Human Resources,4,0.0,Philippines,0.25,Yes,95805.0,22,2017-03-15
23,Tamqrah,Inchboard,tinchboardm@dmoz.org,Engineering,1,0.0,France,0.25,No,94088.0,23,2016-05-25
24,Michal,Luxen,mluxenn@bigcartel.com,Training,4,0.0,China,0.25,No,45235.0,24,1996-03-30
25,Corilla,Coe,ccoeo@webnode.com,Training,7,0.0,Poland,1.0,No,96915.0,25,1991-10-06
26,Carin,Baggot,cbaggotp@seattletimes.com,Training,2,0.0,Uzbekistan,1.0,No,86428.0,26,2017-10-14
27,Claiborne,de Broke,cdebrokeq@marriott.com,Human Resources,1,0.0,China,0.25,No,50522.0,27,
28,Carmon,Caldayrou,ccaldayrour@barnesandnoble.com,Support,1,1.0,South Africa,0.75,Yes,25867.0,28,2007-05-04
29,Odessa,Defew,odefews@virginia.edu,Research and Development,1,0.0,Slovenia,0.25,Yes,,29,1990-08-07
30,Orville,Cutteridge,ocutteridget@moonfruit.com,Accounting,6,,China,0.5,No,77805.0,30,2014-12-01
31,Milissent,Sumers,msumersu@ehow.com,Business Development,7,,Ivory Coast,0.75,No,,31,2001-11-23
32,Adrea,Brigham,abrighamv@opera.com,Research and Development,8,0.0,China,0.5,No,,32,2019-03-12
33,Gay,Fulk,gfulkw@qq.com,Product Management,10,0.0,China,0.5,Yes,90605.0,33,2017-06-12
34,Elsa,Smetoun,esmetounx@360.cn,Sales,1,0.0,Uzbekistan,0.25,No,38077.0,34,1996-01-20
35,Carmelia,Freezer,cfreezery@apache.org,Human Resources,8,1.0,Indonesia,0.5,No,60459.0,35,1992-12-07
36,Rozele,Duny,,Research and Development,5,0.0,Libya,1.0,Yes,84879.0,36,1994-10-14
37,Franky,Idell,fidell10@economist.com,Legal,4,0.0,Sweden,1.0,Yes,,37,1990-06-06
38,Bettye,Moxted,bmoxted11@msn.com,Engineering,4,0.0,United States,0.25,Yes,38648.0,38,1990-02-12
39,Sybilla,Lodewick,slodewick12@salon.com,Engineering,4,0.0,Colombia,0.5,Yes,29138.0,39,1995-02-08
40,Felicdad,Flewett,fflewett13@goo.gl,Accounting,9,0.0,Laos,0.75,Yes,,40,
41,,Dodshun,ddodshun14@who.int,Marketing,1,0.0,Indonesia,0.25,Yes,20898.0,41,2017-06-20
42,Felicle,McGeneay,fmcgeneay15@reference.com,Legal,8,1.0,United States,0.5,No,31873.0,42,1990-12-18
43,Theo,Bolesworth,tbolesworth16@networksolutions.com,Training,2,0.0,Philippines,0.5,Yes,38571.0,43,2012-01-18
44,,Gilluley,egilluley17@mozilla.org,Business Development,9,0.0,Ukraine,0.25,Yes,84472.0,44,1999-05-21
45,Verney,MacDermot,vmacdermot18@redcross.org,Business Development,1,0.0,China,0.5,Yes,45640.0,45,1999-11-06
46,Hartwell,Schole,hschole19@tinyurl.com,Accounting,10,0.0,China,0.75,Yes,90647.0,46,2009-08-15
47,Giselle,Hlavac,ghlavac1a@yelp.com,Legal,1,1.0,Colombia,0.75,Yes,32782.0,47,1995-10-15
48,Barney,Yakovitch,byakovitch1b@hao123.com,Product Management,7,0.0,Dominican Republic,0.25,No,51593.0,48,2014-09-29
49,Rafi,Faunch,rfaunch1c@e-recht24.de,Human Resources,9,0.0,Russia,0.75,Yes,75943.0,49,2007-03-20
50,Sydel,Frowde,sfrowde1d@tripod.com,Marketing,6,0.0,China,0.25,Yes,96892.0,50,1990-11-20
51,Tawsha,Cousin,tcousin1e@hc360.com,Training,3,0.0,Indonesia,1.0,No,93921.0,51,1998-12-01
52,Montgomery,Sandwick,msandwick1f@google.pl,Accounting,5,0.0,China,0.75,No,44341.0,52,1996-08-20
53,Augustina,Dreus,adreus1g@wisc.edu,Services,3,0.0,Slovenia,0.25,No,67973.0,53,1993-05-22
54,Stanislas,Semmens,ssemmens1h@dagondesign.com,Research and Development,2,0.0,Russia,0.25,Yes,23926.0,54,2001-02-08
55,Brit,Gange,bgange1i@google.it,Services,5,0.0,Russia,0.5,No,97514.0,55,2018-05-10
56,Janina,Mulcock,jmulcock1j@biglobe.ne.jp,Product Management,8,1.0,Greece,1.0,Yes,82377.0,56,2012-03-17
57,Rheba,Booton,rbooton1k@bravesites.com,Engineering,1,0.0,Brazil,0.75,No,22683.0,57,2004-12-11
58,Jerrold,Hardern,jhardern1l@google.ca,Human Resources,8,1.0,Argentina,0.75,Yes,48722.0,58,2017-10-21
59,Lida,Castagnier,lcastagnier1m@ucoz.com,Training,1,0.0,China,1.0,No,79103.0,59,1994-04-15
60,Adella,Drees,adrees1n@artisteer.com,Business Development,4,0.0,China,0.25,Yes,95752.0,60,2012-09-27
61,Joseito,Griss,jgriss1o@smh.com.au,Marketing,5,1.0,France,0.5,No,36548.0,61,2001-12-09
62,Devinne,Normabell,dnormabell1p@chicagotribune.com,Research and Development,6,0.0,Nigeria,1.0,,70742.0,62,1994-10-29
63,Reynard,Jonson,rjonson1q@tuttocitta.it,Legal,5,0.0,Poland,0.5,Yes,70416.0,63,1997-09-08
64,Henri,Castro,hcastro1r@nhs.uk,Training,7,0.0,Peru,0.5,,46732.0,64,
65,Upton,Winstone,uwinstone1s@bloglines.com,Support,10,0.0,Thailand,0.75,Yes,85631.0,65,1997-12-28
66,Jeri,Evershed,jevershed1t@blogger.com,Training,1,1.0,Belgium,0.25,Yes,47261.0,66,1999-03-31
67,Justinn,Bediss,jbediss1u@naver.com,Business Development,2,0.0,Poland,0.75,Yes,32397.0,67,2018-04-21
68,Chaunce,Vazquez,cvazquez1v@moonfruit.com,Accounting,4,0.0,China,1.0,No,37172.0,68,2017-09-01
69,Gnni,Eneas,geneas1w@sourceforge.net,Training,6,0.0,Ukraine,0.5,Yes,23870.0,69,1996-05-30
70,Luciana,Pordall,lpordall1x@webnode.com,Marketing,5,1.0,French Polynesia,1.0,Yes,78878.0,70,2013-09-19
71,Aubree,Bernakiewicz,abernakiewicz1y@xrea.com,Services,2,1.0,France,0.5,No,64631.0,71,1998-01-01
72,Leopold,Rowlands,lrowlands1z@over-blog.com,Research and Development,5,0.0,China,0.5,No,88922.0,72,1997-04-28
73,Olenolin,Pescott,opescott20@multiply.com,Research and Development,9,0.0,Portugal,1.0,No,65501.0,73,2019-03-28
74,Ardelle,Parnall,aparnall21@histats.com,Product Management,2,1.0,China,1.0,Yes,43899.0,74,2003-10-16
75,Dex,Hallmark,dhallmark22@stanford.edu,Sales,8,0.0,Czech Republic,1.0,No,89139.0,75,2004-12-16
76,Sonni,O'Dogherty,,Training,6,0.0,Japan,0.25,Yes,60457.0,76,2011-04-04
77,Sammie,Giannazzo,sgiannazzo24@ovh.net,Marketing,3,0.0,Brazil,0.5,No,80077.0,77,2014-03-10
78,Jermayne,Learmouth,jlearmouth25@paypal.com,Accounting,1,0.0,China,0.5,Yes,69538.0,78,1998-10-12
79,Wren,Itter,witter26@adobe.com,Support,9,0.0,China,1.0,Yes,93057.0,79,2016-01-11
80,Angus,Adame,aadame27@last.fm,Marketing,8,1.0,China,0.25,No,86591.0,80,2003-04-09
81,Agathe,Durban,adurban28@mail.ru,Legal,5,0.0,Argentina,0.75,No,98929.0,81,2017-10-06
82,Claudio,Ferrulli,,Accounting,4,0.0,Indonesia,0.25,Yes,33548.0,82,2002-10-05
83,Kathryn,Brandoni,kbrandoni2a@a8.net,Support,6,0.0,Cameroon,1.0,Yes,32579.0,83,1992-03-05
84,Brena,MacPhail,,Marketing,2,0.0,Comoros,1.0,Yes,99119.0,84,1990-03-24
85,Iorgo,Rickaby,irickaby2c@auda.org.au,Legal,5,0.0,China,0.5,No,37548.0,85,2018-02-18
86,Beatrisa,d' Elboux,bdelboux2d@dell.com,Support,8,0.0,Poland,0.5,No,61397.0,86,
87,Ellissa,Batchelour,ebatchelour2e@woothemes.com,Support,7,0.0,Philippines,1.0,Yes,87983.0,87,2012-09-04
88,Ardys,Benbow,abenbow2f@toplist.cz,Marketing,9,1.0,Brazil,0.75,No,69832.0,88,2007-07-06
89,Tadeas,Hanne,thanne2g@toplist.cz,Marketing,1,1.0,Brazil,1.0,Yes,67884.0,89,2000-08-25
90,Vyky,Henderson,vhenderson2h@mail.ru,Business Development,5,0.0,Israel,0.75,No,75748.0,90,1991-03-28
91,Fran,Blazy,fblazy2i@elegantthemes.com,Marketing,2,0.0,Sweden,0.25,No,45909.0,91,
92,Vivienne,Darwen,vdarwen2j@paginegialle.it,Training,8,0.0,Lithuania,0.75,No,20063.0,92,1992-07-30
93,Adriena,Barnwill,abarnwill2k@oakley.com,Accounting,1,0.0,Philippines,0.25,No,78764.0,93,2013-09-19
94,Darsey,Cescon,dcescon2l@xinhuanet.com,Accounting,3,0.0,Canada,0.75,No,83270.0,94,2010-01-08
95,Elissa,Rawsthorne,erawsthorne2m@geocities.com,Sales,7,0.0,China,0.5,Yes,95166.0,95,2013-07-03
96,Emili,Creek,,Services,7,0.0,China,0.25,No,77529.0,96,2012-05-28
97,Ricki,Frankton,rfrankton2o@ucla.edu,Marketing,2,0.0,United States,0.5,No,60516.0,97,2010-02-09
98,Cassandre,Beagrie,cbeagrie2p@wufoo.com,Accounting,2,0.0,Brazil,1.0,No,20333.0,98,2011-02-03
99,,Garn,ngarn2q@loc.gov,Support,9,0.0,Cuba,0.5,No,55685.0,99,2011-02-13
100,Launce,Feyer,,Engineering,6,0.0,Philippines,1.0,No,66410.0,100,2000-09-19
101,Shep,Loveday,sloveday2s@twitpic.com,Engineering,5,0.0,China,1.0,Yes,51772.0,101,2012-11-11
102,Marika,Loxdale,mloxdale2t@bloglovin.com,Accounting,8,1.0,Albania,0.75,Yes,47122.0,102,
103,Duffie,Elderfield,delderfield2u@webnode.com,Legal,9,0.0,Greece,1.0,Yes,35352.0,103,2016-11-23
104,Leslie,Matys,lmatys2v@slate.com,Engineering,8,1.0,China,0.25,Yes,25808.0,104,1995-11-08
105,Tirrell,Dumke,tdumke2w@lulu.com,Training,1,0.0,Russia,0.25,No,84758.0,105,2016-03-18
106,Ruddy,Burleton,rburleton2x@yahoo.com,Marketing,1,0.0,Peru,1.0,No,64753.0,106,2016-03-11
107,Karlyn,Housecroft,khousecroft2y@drupal.org,Business Development,4,0.0,China,1.0,No,56416.0,107,2009-07-24
108,Julie,Sholem,jsholem2z@army.mil,Services,5,1.0,Poland,0.5,No,94985.0,108,1993-01-11
109,Laurice,Verry,lverry30@java.com,Human Resources,9,0.0,China,0.25,No,59917.0,109,2009-01-30
110,Sanders,Gommery,sgommery31@ocn.ne.jp,Training,3,0.0,China,0.25,Yes,43420.0,110,1994-02-24
111,Obidiah,Novak,onovak32@odnoklassniki.ru,Training,1,0.0,Indonesia,0.75,No,74489.0,111,2014-06-06
112,Spencer,Rollinshaw,srollinshaw33@paginegialle.it,Engineering,4,0.0,Brazil,0.75,Yes,83727.0,112,2008-12-20
113,Benoite,Musselwhite,bmusselwhite34@wiley.com,Training,9,0.0,Ukraine,0.75,Yes,,113,2000-06-24
114,Dulce,Panyer,dpanyer35@state.tx.us,Research and Development,5,0.0,Thailand,0.75,Yes,26548.0,114,1994-09-27
115,Claudius,Matthessen,cmatthessen36@newsvine.com,Business Development,8,0.0,China,0.25,Yes,90737.0,115,2016-07-27
116,Lyssa,Peracco,lperacco37@google.es,Legal,4,0.0,Iraq,0.75,No,24397.0,116,2013-05-22
117,Hattie,Teesdale,hteesdale38@diigo.com,Sales,5,0.0,Iran,0.5,Yes,69401.0,117,2010-10-11
118,Betteann,Cannell,bcannell39@upenn.edu,Research and Development,3,0.0,Indonesia,1.0,Yes,25547.0,118,2000-12-25
119,Immanuel,Joret,ijoret3a@so-net.ne.jp,Sales,2,0.0,China,1.0,No,95670.0,119,2001-02-06
120,Judy,D'Emanuele,jdemanuele3b@yolasite.com,Legal,7,0.0,Albania,1.0,No,61785.0,120,2008-09-11
121,Lynn,Pires,lpires3c@businessinsider.com,Services,6,1.0,Palestinian Territory,0.75,No,64902.0,121,2016-07-18
122,Rusty,Grishin,rgrishin3d@wikimedia.org,Product Management,3,0.0,Philippines,0.25,Yes,20307.0,122,2004-08-23
123,Lindsey,Humpherson,lhumpherson3e@cnn.com,Product Management,10,1.0,Argentina,0.75,No,90241.0,123,2007-12-27
124,Aimil,Ipgrave,aipgrave3f@github.io,Business Development,2,0.0,Indonesia,0.75,No,39399.0,124,2015-11-04
125,Felix,Emery,femery3g@home.pl,Marketing,10,1.0,China,0.75,Yes,74050.0,125,2017-12-25
126,Avigdor,Cheer,acheer3h@shinystat.com,Product Management,10,0.0,United States,0.25,No,44347.0,126,2000-06-05
127,Beauregard,Stolworthy,bstolworthy3i@google.fr,Engineering,10,0.0,Philippines,1.0,No,34507.0,127,1994-07-23
128,Brucie,Crocombe,bcrocombe3j@abc.net.au,Services,2,1.0,Egypt,0.75,Yes,70600.0,128,1999-06-03
129,Aileen,Orris,,Product Management,7,0.0,Indonesia,0.75,No,50242.0,129,1998-01-03
130,Brandtr,Kowal,,Engineering,5,0.0,Greece,1.0,No,60889.0,130,
131,Shena,Nelles,snelles3m@chicagotribune.com,Marketing,8,0.0,Indonesia,0.25,No,23207.0,131,1998-05-05
132,Vanna,Paaso,,Engineering,3,0.0,Indonesia,0.75,Yes,30272.0,132,2013-08-24
133,Jason,Oboy,joboy3o@delicious.com,Legal,8,0.0,Mexico,0.25,No,35911.0,133,1994-01-08
134,Tatiania,Moukes,tmoukes3p@weather.com,Marketing,7,0.0,Indonesia,0.5,No,65340.0,134,2013-10-30
135,Gris,Tarpey,gtarpey3q@creativecommons.org,Product Management,1,0.0,Indonesia,0.25,No,23752.0,135,2002-01-22
136,Nannette,Olin,nolin3r@cisco.com,Services,8,0.0,Croatia,1.0,No,53753.0,136,2005-01-02
137,Berta,Melanaphy,bmelanaphy3s@so-net.ne.jp,Engineering,8,0.0,Portugal,0.5,Yes,27598.0,137,2018-03-04
138,Brier,Justham,bjustham3t@dyndns.org,Marketing,1,0.0,China,0.75,,86437.0,138,2003-06-27
139,Calli,Nuschke,cnuschke3u@de.vu,Engineering,2,0.0,Mexico,0.5,Yes,87556.0,139,2008-05-22
140,Leone,McKeaney,lmckeaney3v@posterous.com,Business Development,6,0.0,Tunisia,0.75,No,48526.0,140,2007-09-20
141,Johnna,Charrett,jcharrett3w@bandcamp.com,Accounting,3,0.0,Philippines,0.75,No,23008.0,141,2009-07-02
142,Sisely,McPhee,,Accounting,4,0.0,Indonesia,0.75,No,49404.0,142,2007-02-22
143,Cornie,Palluschek,cpalluschek3y@squarespace.com,Research and Development,4,0.0,Angola,0.25,Yes,65340.0,143,1998-08-25
144,,Bram,,Services,8,0.0,United States,0.5,No,23731.0,144,2005-11-08
145,Ibrahim,Enden,,Marketing,7,1.0,Nicaragua,0.5,Yes,65001.0,145,2005-05-31
146,Dickie,Gosden,dgosden41@cam.ac.uk,Support,5,1.0,Syria,0.75,No,96971.0,146,1990-12-17
147,Hubie,Butter,hbutter42@jigsy.com,Engineering,7,1.0,Indonesia,0.5,Yes,96861.0,147,2006-03-08
148,Hephzibah,Helgass,hhelgass43@weather.com,Legal,5,1.0,France,0.25,Yes,27641.0,148,2002-07-11
149,Stinky,Beaushaw,sbeaushaw44@ask.com,Business Development,7,1.0,China,0.25,No,98442.0,149,2010-03-09
150,Elsi,Norquay,,Training,4,0.0,Italy,0.75,,78458.0,150,2006-01-23
151,Alfons,Baily,abaily46@linkedin.com,Product Management,9,0.0,Brazil,0.75,No,25001.0,151,2010-05-13
152,Taddeusz,Tonnesen,ttonnesen47@newsvine.com,Research and Development,1,0.0,China,0.75,Yes,50961.0,152,2012-07-22
153,Jasun,Kingswood,jkingswood48@rambler.ru,Legal,6,0.0,Portugal,0.5,No,28782.0,153,1993-01-30
154,Melicent,Lannen,mlannen49@vinaora.com,Accounting,9,0.0,Dominican Republic,0.25,No,80167.0,154,
155,Angie,Rohlf,arohlf4a@cafepress.com,Research and Development,3,1.0,Indonesia,1.0,No,96722.0,155,1998-01-10
156,Rodd,Rabl,rrabl4b@elpais.com,Marketing,1,1.0,Brazil,0.5,Yes,52506.0,156,1991-11-27
157,Shayne,Yate,syate4c@qq.com,Product Management,1,1.0,Canada,1.0,Yes,49464.0,157,1992-05-21
158,Hannie,Stanners,,Human Resources,5,0.0,Mali,0.5,Yes,94428.0,158,1991-08-13
159,Latrena,Dmytryk,ldmytryk4e@noaa.gov,Human Resources,4,0.0,Yemen,0.75,No,,159,2017-03-11
160,Georgi,Rosenthal,grosenthal4f@dot.gov,Support,1,0.0,Russia,1.0,No,71750.0,160,1992-10-28
161,Abbi,Geary,ageary4g@twitpic.com,Engineering,8,0.0,China,0.5,Yes,35153.0,161,2005-02-08
162,Gerard,Tupling,gtupling4h@ucoz.ru,Marketing,10,0.0,China,0.5,,72515.0,162,2001-11-12
163,Mandy,MacGiolla,,Accounting,2,0.0,Canada,0.75,Yes,79183.0,163,2011-09-06
164,Adore,Carnachen,,Engineering,6,0.0,Mexico,1.0,,64682.0,164,1999-06-23
165,Ailene,Gauch,agauch4k@flickr.com,Services,4,0.0,Malaysia,0.75,Yes,49423.0,165,2016-04-16
166,Cooper,Quarterman,cquarterman4l@google.com.hk,Accounting,9,0.0,Philippines,0.75,Yes,21908.0,166,1996-01-03
167,Jasen,Brookes,,Legal,10,0.0,Mongolia,1.0,Yes,54574.0,167,2005-08-15
168,Lou,Shurmore,lshurmore4n@list-manage.com,Business Development,10,0.0,Indonesia,0.75,Yes,24862.0,168,1994-09-25
169,Tiffanie,Ellissen,tellissen4o@digg.com,Sales,7,0.0,Sweden,0.25,Yes,73032.0,169,2008-08-14
170,Lela,Gatenby,lgatenby4p@fda.gov,Legal,3,0.0,Brazil,0.5,Yes,,170,1998-08-29
171,Leslie,Kelberman,lkelberman4q@dedecms.com,Legal,8,0.0,Cuba,1.0,Yes,48991.0,171,2004-08-22
172,Eugenie,Colborn,ecolborn4r@google.ca,Research and Development,1,1.0,Japan,0.5,Yes,60002.0,172,2017-12-24
173,Celinda,Zisneros,czisneros4s@technorati.com,Human Resources,5,1.0,China,1.0,Yes,31659.0,173,2001-07-20
174,Timotheus,Edgar,tedgar4t@dion.ne.jp,Legal,7,,Belarus,0.25,Yes,50935.0,174,2004-01-21
175,Maurine,McIlheran,,Services,10,0.0,Sweden,0.25,Yes,57728.0,175,
176,Orren,Orys,oorys4v@irs.gov,Support,10,0.0,Russia,0.25,Yes,67233.0,176,1990-11-17
177,Audra,Milroy,,Support,6,0.0,Cape Verde,1.0,No,57334.0,177,2012-08-21
178,Trixi,Pickvance,tpickvance4x@yahoo.co.jp,Support,8,,Afghanistan,0.25,No,82880.0,178,2009-07-01
179,Desiree,Poxton,dpoxton4y@blog.com,Product Management,10,0.0,Indonesia,1.0,No,59924.0,179,1999-05-18
180,Gerik,de Quesne,gdequesne4z@irs.gov,Legal,8,0.0,Russia,0.75,Yes,28503.0,180,1997-01-21
181,Barth,Dealey,,Business Development,2,0.0,Sweden,0.75,No,68794.0,181,2013-02-24
182,Noel,Spilsbury,nspilsbury51@hhs.gov,Business Development,5,0.0,Indonesia,1.0,No,75571.0,182,2013-03-16
183,Tam,Sotworth,tsotworth52@tripadvisor.com,Sales,1,0.0,Cyprus,0.5,Yes,,183,2002-08-02
184,Levin,Pimley,lpimley53@ucoz.ru,Research and Development,6,0.0,China,0.5,Yes,53647.0,184,1996-03-23
185,Hymie,Segoe,hsegoe54@wired.com,Business Development,2,0.0,China,0.25,Yes,77469.0,185,2014-07-21
186,Kass,Eede,keede55@linkedin.com,Marketing,4,0.0,Kenya,0.75,No,71405.0,186,
187,Brande,Crump,bcrump56@domainmarket.com,Marketing,3,0.0,Portugal,0.25,Yes,90751.0,187,2017-09-13
188,Lynette,Ferbrache,lferbrache57@virginia.edu,Support,5,1.0,Poland,0.5,Yes,72487.0,188,1994-12-06
189,Hartley,Zoane,hzoane58@stumbleupon.com,Engineering,9,0.0,Philippines,0.25,Yes,60929.0,189,1995-08-18
190,Danita,L'Hommeau,dlhommeau59@disqus.com,Training,10,1.0,Brazil,0.5,Yes,72134.0,190,2014-05-24
191,Antonella,Arter,aarter5a@multiply.com,Services,3,0.0,Indonesia,1.0,Yes,48649.0,191,2006-11-30
192,Dehlia,Geertz,dgeertz5b@studiopress.com,Research and Development,10,0.0,Poland,1.0,No,20648.0,192,2017-01-25
193,Polly,Godard,pgodard5c@hubpages.com,Support,7,0.0,Equatorial Guinea,1.0,Yes,50776.0,193,2015-10-12
194,Cole,Priter,cpriter5d@symantec.com,Sales,1,0.0,China,0.25,No,61666.0,194,2007-04-03
195,Violante,Keemer,vkeemer5e@nydailynews.com,Accounting,6,0.0,China,0.25,Yes,54405.0,195,1991-11-25
196,Leah,Haliburton,lhaliburton5f@so-net.ne.jp,Services,7,0.0,China,1.0,Yes,,196,2014-10-08
197,Pennie,Sarfat,psarfat5g@mac.com,Engineering,6,0.0,China,0.5,No,,197,2002-07-28
198,Marv,Robjents,mrobjents5h@eventbrite.com,Sales,9,0.0,Indonesia,0.25,Yes,49588.0,198,2013-11-25
199,Ricoriki,Given,rgiven5i@comcast.net,Business Development,1,0.0,Bahamas,0.5,No,52060.0,199,
200,Katinka,Peffer,kpeffer5j@indiegogo.com,Marketing,5,0.0,Russia,1.0,Yes,99565.0,200,1996-01-15
201,Pascal,Wickling,,Engineering,3,1.0,Poland,0.25,Yes,,201,1990-03-20
202,Lorelei,Hellwing,lhellwing5l@reference.com,Legal,7,0.0,Mauritius,1.0,Yes,80895.0,202,2019-03-05
203,Humberto,Antognoni,hantognoni5m@trellian.com,Human Resources,4,0.0,Liberia,1.0,Yes,71323.0,203,2018-06-27
204,Eveline,Canton,,Support,7,0.0,Hungary,0.75,Yes,20519.0,204,2007-05-24
205,Tammy,Gannicott,tgannicott5o@mapy.cz,Training,8,0.0,Mexico,0.5,No,60880.0,205,2017-01-02
206,Ignatius,Compton,icompton5p@opera.com,Legal,4,0.0,China,0.5,,24090.0,206,1998-06-07
207,Niels,Oades,noades5q@unblog.fr,Human Resources,10,0.0,China,0.75,Yes,72540.0,207,1992-12-25
208,Abigael,McArthur,amcarthur5r@china.com.cn,Business Development,7,0.0,Greece,0.25,No,71116.0,208,2016-06-08
209,Al,Dymond,adymond5s@bloomberg.com,Sales,9,0.0,Brazil,1.0,Yes,92292.0,209,2017-03-13
210,Ky,Sola,ksola5t@purevolume.com,Sales,2,0.0,Mongolia,1.0,No,72503.0,210,1996-11-12
211,Edeline,Fowkes,efowkes5u@cdbaby.com,Legal,3,0.0,Ukraine,0.5,No,47035.0,211,
212,Alanson,Saltern,,Sales,5,0.0,Brazil,0.25,Yes,78825.0,212,2001-10-24
213,Terencio,Tawn,ttawn5w@paypal.com,Services,1,,Nigeria,0.5,Yes,22911.0,213,2013-07-07
214,Eba,Blacklock,eblacklock5x@cbsnews.com,Sales,4,0.0,Egypt,1.0,No,58895.0,214,2008-06-22
215,Nappy,Braunstein,nbraunstein5y@photobucket.com,Marketing,4,1.0,Russia,0.25,Yes,48917.0,215,1998-06-02
216,Prisca,Bosward,pbosward5z@wufoo.com,Support,4,0.0,China,1.0,Yes,37966.0,216,
217,Melony,Ord,mord60@admin.ch,Business Development,10,0.0,Ghana,0.25,Yes,80936.0,217,2012-08-11
218,Florri,Reedie,freedie61@hubpages.com,Training,2,0.0,Brazil,1.0,Yes,58816.0,218,2003-04-16
219,Silvester,Dignam,sdignam62@tinyurl.com,Human Resources,2,0.0,Brazil,0.25,,57062.0,219,2011-12-16
220,Lorie,Nerger,lnerger63@google.com.hk,Research and Development,7,0.0,Sweden,0.5,No,29706.0,220,2011-07-31
221,Bathsheba,Deshon,,Marketing,4,1.0,China,1.0,Yes,39204.0,221,2011-03-14
222,Agnella,Eyton,aeyton65@hud.gov,Legal,1,0.0,Philippines,1.0,Yes,85745.0,222,2008-05-04
223,Emmalee,Elam,,Services,10,0.0,Indonesia,0.25,Yes,96543.0,223,1990-11-22
224,Angelo,Havoc,ahavoc67@github.io,Training,3,1.0,Bolivia,1.0,No,56118.0,224,2006-11-10
225,Jefferey,McGerraghty,jmcgerraghty68@blinklist.com,Services,6,0.0,New Caledonia,1.0,Yes,58137.0,225,2004-11-20
226,Didi,Kisby,dkisby69@digg.com,Training,7,0.0,Argentina,0.5,No,41256.0,226,2011-07-20
227,Mellicent,Base,mbase6a@wired.com,Engineering,10,0.0,Costa Rica,0.5,No,69182.0,227,1991-10-31
228,Regine,Roj,rroj6b@sciencedirect.com,Human Resources,8,0.0,Colombia,0.5,Yes,64078.0,228,2014-01-05
229,Hally,Mollett,hmollett6c@jiathis.com,Research and Development,3,0.0,Brazil,0.25,Yes,,229,2001-10-06
230,Kayle,O'Fogarty,kofogarty6d@joomla.org,Support,1,0.0,South Africa,1.0,,40551.0,230,1990-07-22
231,Mel,Souness,msouness6e@mozilla.org,Research and Development,4,1.0,Ethiopia,0.25,Yes,27567.0,231,
232,Cleopatra,Ginnell,cginnell6f@dedecms.com,Accounting,7,0.0,Mauritius,1.0,Yes,37034.0,232,1996-08-29
233,Estele,Aronovitz,earonovitz6g@abc.net.au,Legal,6,0.0,China,0.25,Yes,72143.0,233,2009-08-24
234,Ardys,Meatcher,ameatcher6h@earthlink.net,Engineering,1,,China,0.75,No,99300.0,234,2000-09-15
235,Phoebe,Castenda,pcastenda6i@virginia.edu,Sales,2,1.0,Russia,1.0,Yes,29535.0,235,
236,Mace,Shilliday,mshilliday6j@geocities.com,Engineering,3,0.0,China,0.5,Yes,,236,2014-08-13
237,Madelene,Eddisford,meddisford6k@harvard.edu,Support,6,0.0,Colombia,0.25,Yes,88713.0,237,2006-08-11
238,Ellery,Haggas,ehaggas6l@phpbb.com,Research and Development,9,0.0,Russia,0.5,No,37715.0,238,2014-11-11
239,Annalise,Caron,acaron6m@cam.ac.uk,Training,1,0.0,China,0.5,Yes,25705.0,239,2005-04-10
240,Tim,Willowby,,Support,10,0.0,Philippines,0.5,No,48735.0,240,1993-03-20
241,Ivette,Galvan,igalvan6o@mashable.com,Legal,10,1.0,United States,0.75,Yes,96226.0,241,2005-07-07
242,Cally,Dochon,cdochon6p@taobao.com,Engineering,3,0.0,Japan,0.75,Yes,22720.0,242,2018-05-05
243,Forester,Teresse,fteresse6q@ebay.com,Accounting,5,0.0,Japan,1.0,Yes,31424.0,243,2017-09-21
244,Norina,Trosdall,ntrosdall6r@ezinearticles.com,Business Development,9,0.0,Serbia,0.75,Yes,60067.0,244,2006-04-26
245,Stillman,Brislen,sbrislen6s@infoseek.co.jp,Human Resources,8,,Indonesia,0.5,Yes,40647.0,245,2012-03-03
246,Kelly,Guirau,kguirau6t@topsy.com,Sales,4,0.0,Argentina,1.0,No,80074.0,246,2011-11-11
247,Merrily,Totton,mtotton6u@nhs.uk,Engineering,1,0.0,Egypt,0.75,Yes,85044.0,247,2008-03-04
248,Tabbie,Karpmann,,Accounting,2,0.0,Kazakhstan,0.25,No,98325.0,248,2009-02-19
249,Carole,Crewe,ccrewe6w@fc2.com,Sales,8,0.0,Peru,0.75,No,,249,1997-01-29
250,Dacy,Lintall,dlintall6x@arizona.edu,Support,5,0.0,Palestinian Territory,0.5,No,28834.0,250,
251,Butch,Bleakman,bbleakman6y@examiner.com,Training,4,0.0,Brazil,0.25,No,25229.0,251,2006-08-26
252,Halsy,Youde,hyoude6z@infoseek.co.jp,Training,3,0.0,Indonesia,0.75,No,60737.0,252,1992-07-23
253,Zoe,Hews,zhews70@marketwatch.com,Marketing,1,0.0,China,0.75,Yes,47529.0,253,1990-06-05
254,Abba,Crabtree,acrabtree71@t-online.de,Marketing,6,,Russia,0.75,No,35792.0,254,2009-12-03
255,Jackquelin,Straine,jstraine72@rediff.com,Services,2,0.0,Russia,0.25,No,68645.0,255,1998-05-28
256,Suzann,Basil,sbasil73@illinois.edu,Sales,9,0.0,Poland,0.75,No,53513.0,256,2005-12-03
257,Vance,Ratlee,vratlee74@webmd.com,Human Resources,7,0.0,Afghanistan,0.75,No,89578.0,257,1996-07-14
258,Clerkclaude,Scholefield,cscholefield75@simplemachines.org,Research and Development,9,1.0,Russia,1.0,Yes,63802.0,258,2017-01-13
259,Lilyan,Laundon,,Training,8,1.0,Canada,0.25,Yes,67091.0,259,2016-10-14
260,Francine,Brobak,fbrobak77@google.it,Marketing,9,0.0,Albania,1.0,No,94357.0,260,2006-12-13
261,Aubrey,Tonks,,Research and Development,4,1.0,Indonesia,0.5,Yes,64729.0,261,2003-09-29
262,Burg,Caveau,bcaveau79@cnn.com,Product Management,1,0.0,Madagascar,0.5,No,41860.0,262,2012-12-01
263,Lurlene,Rodger,lrodger7a@auda.org.au,Engineering,5,0.0,Indonesia,1.0,No,33041.0,263,1993-07-09
264,Miguel,Maciunas,mmaciunas7b@ibm.com,Marketing,9,1.0,South Africa,1.0,No,79538.0,264,1999-05-23
265,Ruben,Galvin,rgalvin7c@dyndns.org,Business Development,1,0.0,France,0.75,No,63687.0,265,2003-10-31
266,Olly,Dulanty,odulanty7d@dyndns.org,Marketing,5,0.0,Poland,0.5,Yes,88577.0,266,2015-06-16
267,Bernarr,Nolan,bnolan7e@ameblo.jp,Business Development,6,0.0,Poland,0.5,No,80665.0,267,2015-01-24
268,Karry,Lay,klay7f@tinypic.com,Services,10,0.0,China,0.5,Yes,30402.0,268,2017-05-27
269,Sutherland,Peachey,speachey7g@nature.com,Support,1,1.0,Thailand,1.0,Yes,81381.0,269,1995-12-05
270,Griff,Ridder,gridder7h@flickr.com,Services,2,0.0,Mexico,0.75,No,98524.0,270,2006-10-07
271,Andris,Atlay,aatlay7i@moonfruit.com,Engineering,3,0.0,Canada,0.5,No,97486.0,271,1995-07-13
272,Karlan,Lamport,klamport7j@google.com.hk,Legal,8,1.0,China,0.25,Yes,37772.0,272,2015-01-25
273,Gwynne,Robertot,grobertot7k@latimes.com,Business Development,9,0.0,Russia,0.75,No,,273,1990-04-06
274,Phillie,Bomfield,pbomfield7l@gmpg.org,Marketing,2,0.0,Indonesia,0.5,Yes,62450.0,274,1999-12-18
275,Persis,Cosans,pcosans7m@upenn.edu,Human Resources,10,0.0,China,0.25,Yes,90843.0,275,2001-03-31
276,Solly,Wenman,swenman7n@tinypic.com,Training,9,,Indonesia,1.0,No,43665.0,276,2004-10-07
277,Corrine,Andreaccio,,Legal,8,1.0,Czech Republic,0.5,Yes,67984.0,277,2008-11-21
278,Dawn,Walkinshaw,dwalkinshaw7p@admin.ch,Engineering,3,1.0,Ireland,0.75,No,38383.0,278,
279,Brandise,Argabrite,bargabrite7q@redcross.org,Engineering,2,0.0,Indonesia,0.25,Yes,59412.0,279,2007-05-16
280,Livvie,Sneezem,lsneezem7r@wiley.com,Sales,10,0.0,Russia,0.75,Yes,27925.0,280,1997-05-24
281,Yvette,Benn,ybenn7s@tinyurl.com,Engineering,3,0.0,Portugal,0.25,,36820.0,281,2004-10-05
282,Hermann,Drinkeld,hdrinkeld7t@howstuffworks.com,Services,3,0.0,Indonesia,0.75,No,,282,2012-07-02
283,Franky,Willgoose,fwillgoose7u@furl.net,Sales,7,0.0,China,0.5,Yes,37350.0,283,2001-05-22
284,Sinclare,Purdon,spurdon7v@cbslocal.com,Product Management,4,0.0,China,0.5,No,58684.0,284,1997-11-07
285,Hollie,Dauncey,hdauncey7w@infoseek.co.jp,Services,3,0.0,Czech Republic,1.0,No,73616.0,285,2007-12-21
286,Lavina,Norker,lnorker7x@sohu.com,Product Management,4,1.0,Portugal,0.5,No,57825.0,286,2011-10-13
287,,Tideswell,ltideswell7y@indiatimes.com,Engineering,10,0.0,Argentina,1.0,,64346.0,287,2001-07-08
288,Amanda,Duffitt,aduffitt7z@shutterfly.com,Sales,2,1.0,Egypt,0.75,Yes,60894.0,288,1997-01-13
289,Shae,Phillis,sphillis80@ibm.com,Legal,6,0.0,Indonesia,0.25,Yes,63550.0,289,2005-03-29
290,Conan,Damerell,cdamerell81@va.gov,Support,4,1.0,United Kingdom,0.5,No,40497.0,290,2017-08-20
291,Benoit,Reisenstein,breisenstein82@dropbox.com,Sales,6,0.0,Finland,0.5,Yes,,291,2009-10-10
292,Marylee,Pitcock,,Research and Development,3,0.0,France,0.25,No,,292,1995-07-09
293,Ellerey,Monelli,emonelli84@mac.com,Research and Development,5,0.0,Nigeria,1.0,No,66249.0,293,1997-07-19
294,Alfons,Barriball,abarriball85@last.fm,Sales,4,0.0,Jamaica,0.25,No,26333.0,294,1999-07-05
295,Consuelo,Needham,cneedham86@bbc.co.uk,Training,7,0.0,France,0.25,No,84665.0,295,1998-05-11
296,Lucais,Kenshole,lkenshole87@forbes.com,Business Development,3,0.0,Argentina,0.25,No,50684.0,296,2009-05-05
297,,Deathridge,,Sales,2,0.0,China,0.75,Yes,90176.0,297,1991-02-18
298,Lanita,Gubbins,,Product Management,1,0.0,Portugal,0.75,No,61338.0,298,1996-07-18
299,Trude,Chastan,tchastan8a@bizjournals.com,Accounting,7,0.0,Armenia,0.5,No,68041.0,299,1990-09-12
300,Kirbee,Szymonowicz,kszymonowicz8b@tamu.edu,Marketing,5,0.0,Armenia,0.25,No,37259.0,300,2019-01-16
301,Morey,Dobie,mdobie8c@npr.org,Support,3,0.0,Indonesia,1.0,No,63651.0,301,2014-10-01
302,Garrot,Akitt,gakitt8d@cpanel.net,Research and Development,7,0.0,China,0.75,No,59564.0,302,2005-07-10
303,Babbette,Brach,bbrach8e@163.com,Business Development,7,1.0,Greece,0.25,No,48739.0,303,
304,Hedy,Yegorev,hyegorev8f@usnews.com,Marketing,7,1.0,Czech Republic,0.25,No,43093.0,304,2013-04-07
305,Tish,Tregale,ttregale8g@google.com.au,Human Resources,1,0.0,Democratic Republic of the Congo,0.5,Yes,49491.0,305,2007-07-09
306,Ahmad,Ferby,aferby8h@cdc.gov,Human Resources,8,0.0,Indonesia,0.75,Yes,37561.0,306,2004-06-29
307,Nappie,Gazey,ngazey8i@geocities.com,Support,10,0.0,Madagascar,0.75,No,96815.0,307,2003-08-31
308,Redford,Dominico,rdominico8j@google.co.uk,Engineering,6,0.0,France,0.5,No,86320.0,308,2015-03-07
309,Constance,Arguile,carguile8k@g.co,Training,6,0.0,Sweden,0.5,Yes,98223.0,309,2001-10-23
310,Elysha,Queyeiro,equeyeiro8l@mit.edu,Human Resources,7,0.0,Brazil,1.0,No,23937.0,310,2011-07-13
311,Honoria,Dolphin,hdolphin8m@intel.com,Business Development,7,0.0,Indonesia,0.75,No,42180.0,311,1991-03-01
312,,Radmore,lradmore8n@51.la,Product Management,10,0.0,Russia,0.5,,26388.0,312,1997-07-26
313,Maryjane,Reynalds,mreynalds8o@hatena.ne.jp,Training,1,0.0,Indonesia,0.5,Yes,63299.0,313,2001-01-10
314,Glyn,Anfosso,ganfosso8p@deliciousdays.com,Services,10,1.0,Poland,0.25,No,82367.0,314,2005-10-12
315,See,Humbles,shumbles8q@paginegialle.it,Services,9,0.0,Panama,1.0,Yes,,315,2008-09-18
316,Blinni,Chieco,,Legal,8,0.0,Poland,0.25,No,20772.0,316,2017-04-14
317,Gwendolin,Bustard,gbustard8s@columbia.edu,Accounting,9,0.0,Poland,1.0,Yes,84700.0,317,1996-08-14
318,Rockey,Martinson,rmartinson8t@amazon.co.uk,Marketing,7,0.0,Portugal,0.25,No,25459.0,318,2009-11-08
319,Tyrus,Lotterington,tlotterington8u@google.de,Research and Development,2,0.0,Canada,1.0,No,94036.0,319,1999-01-09
320,Teri,Harman,tharman8v@yolasite.com,Support,6,1.0,Bangladesh,0.75,No,64048.0,320,2006-07-24
321,Sapphira,Betjes,sbetjes8w@jimdo.com,Legal,3,0.0,France,1.0,Yes,32487.0,321,2002-01-14
322,Hamlen,Bretton,hbretton8x@seesaa.net,Support,6,0.0,United States,0.75,No,90415.0,322,2018-04-24
323,Coralyn,Savin,csavin8y@dion.ne.jp,Human Resources,4,0.0,Japan,0.5,No,79618.0,323,2009-06-30
324,Celka,Hammerberg,chammerberg8z@github.io,Marketing,2,1.0,China,1.0,Yes,52226.0,324,2000-01-20
325,Caitlin,Bredee,cbredee90@tripadvisor.com,Human Resources,2,0.0,China,0.5,Yes,27758.0,325,2019-01-27
326,Hervey,Gritsunov,hgritsunov91@wisc.edu,Research and Development,10,0.0,China,1.0,Yes,28084.0,326,1997-01-26
327,,Honnicott,,Marketing,8,0.0,France,0.25,No,83938.0,327,2008-04-19
328,Vladamir,Selwyne,vselwyne93@tamu.edu,Sales,8,1.0,China,0.25,Yes,71580.0,328,1997-10-17
329,Terza,O'Malley,tomalley94@intel.com,Research and Development,7,0.0,Portugal,1.0,No,60343.0,329,1993-03-09
330,Kent,Stansbury,kstansbury95@reverbnation.com,Business Development,10,1.0,Mali,0.75,Yes,27390.0,330,1997-10-08
331,Harry,Satyford,hsatyford96@seattletimes.com,Training,5,0.0,Democratic Republic of the Congo,0.25,Yes,78327.0,331,
332,Darb,Fogel,dfogel97@clickbank.net,Human Resources,6,0.0,Poland,0.5,No,77766.0,332,2011-12-23
333,Ray,Galvan,rgalvan98@sphinn.com,Business Development,3,1.0,Russia,0.5,No,21932.0,333,2001-01-24
334,Sayres,Pollicatt,spollicatt99@photobucket.com,Research and Development,2,0.0,Peru,0.75,No,41538.0,334,2002-06-16
335,Ida,Limeburn,,Legal,4,0.0,Albania,0.25,No,59084.0,335,2008-05-20
336,Lissie,Pragnell,lpragnell9b@ihg.com,Accounting,8,0.0,China,0.75,Yes,70966.0,336,2018-03-25
337,Daisey,Lunny,dlunny9c@msu.edu,Marketing,1,0.0,Indonesia,0.75,Yes,74019.0,337,2002-03-30
338,Rudie,Carbert,rcarbert9d@engadget.com,Sales,1,1.0,Colombia,1.0,Yes,,338,2004-08-27
339,Fernanda,Tort,ftort9e@hatena.ne.jp,Research and Development,10,0.0,China,0.75,No,95918.0,339,2018-07-18
340,Bentlee,Toy,btoy9f@economist.com,Engineering,1,1.0,Afghanistan,1.0,No,40355.0,340,2001-10-18
341,Salem,Ryrie,sryrie9g@gnu.org,Product Management,10,0.0,United States,0.75,Yes,50195.0,341,2003-05-09
342,Noach,Vasyukhnov,nvasyukhnov9h@bloglovin.com,Accounting,9,0.0,Bosnia and Herzegovina,0.75,No,36170.0,342,
343,Shirlene,Cicchelli,scicchelli9i@va.gov,Legal,9,0.0,Israel,1.0,No,43300.0,343,2014-08-12
344,Ofella,Donan,odonan9j@so-net.ne.jp,Sales,2,0.0,Indonesia,0.5,Yes,54655.0,344,1996-06-11
345,Raimund,Maharry,rmaharry9k@businessweek.com,Training,10,0.0,Poland,0.25,Yes,52634.0,345,2002-03-16
346,Aluin,Cherry,acherry9l@free.fr,Sales,7,1.0,China,0.5,Yes,62909.0,346,2002-02-02
347,Ike,Hindshaw,ihindshaw9m@webmd.com,Business Development,10,0.0,France,0.5,Yes,50981.0,347,2008-03-10
348,Dannie,Gimbart,dgimbart9n@shareasale.com,Human Resources,5,0.0,Japan,0.25,No,51785.0,348,2008-03-02
349,Magdalen,Fewings,mfewings9o@fema.gov,Business Development,2,1.0,China,1.0,No,55172.0,349,
350,Almeda,Tale,atale9p@sfgate.com,Human Resources,4,0.0,China,0.25,No,85088.0,350,1993-08-23
351,Bree,Chasle,bchasle9q@examiner.com,Engineering,3,0.0,Indonesia,1.0,No,81220.0,351,2013-11-26
352,Anastasie,De Gowe,adegowe9r@ucsd.edu,Sales,7,1.0,China,0.75,No,20532.0,352,2009-11-29
353,Sigismondo,Skipworth,,Product Management,1,0.0,China,0.25,Yes,,353,2001-02-08
354,,Ricardet,pricardet9t@wikia.com,Research and Development,10,0.0,Bosnia and Herzegovina,0.25,No,,354,1992-11-06
355,Rudie,Laybourn,rlaybourn9u@columbia.edu,Product Management,2,0.0,France,0.5,No,31760.0,355,1998-12-01
356,Winny,Crilley,wcrilley9v@blogspot.com,Services,7,1.0,Germany,0.25,No,96827.0,356,2013-01-04
357,Theresita,Roughey,troughey9w@unc.edu,Product Management,10,0.0,Portugal,0.5,Yes,47279.0,357,1996-03-23
358,Davide,Chadd,,Legal,10,1.0,China,0.75,Yes,30324.0,358,
359,Mellisent,Verzey,mverzey9y@wordpress.org,Legal,10,0.0,New Zealand,0.75,,96369.0,359,2000-01-08
360,Farrel,Clethro,fclethro9z@nba.com,Marketing,9,0.0,Zambia,0.75,,77397.0,360,2013-05-15
361,Poul,Pankhurst.,ppankhursta0@tmall.com,Legal,10,0.0,Brazil,0.75,No,21945.0,361,2006-07-26
362,Goddard,Maseres,gmaseresa1@salon.com,Marketing,1,0.0,Poland,0.5,No,21979.0,362,2017-07-15
363,Peggi,Laneham,planehama2@shop-pro.jp,Engineering,5,0.0,Brazil,0.25,No,63204.0,363,2008-10-08
364,Amory,Eslie,aesliea3@instagram.com,Business Development,8,0.0,Ivory Coast,0.25,Yes,81719.0,364,2017-04-10
365,Catha,Jore,cjorea4@usnews.com,Services,8,1.0,Russia,0.5,No,55763.0,365,2014-07-16
366,Florenza,Smieton,fsmietona5@un.org,Product Management,3,0.0,Peru,0.75,No,26403.0,366,1995-08-21
367,Noelani,Gass,ngassa6@vk.com,Research and Development,4,0.0,China,0.75,No,32916.0,367,1990-03-19
368,Cecil,Reucastle,creucastlea7@last.fm,Sales,3,0.0,United States,0.75,,72010.0,368,2004-12-15
369,Ignace,Ainslie,iainsliea8@dailymail.co.uk,Marketing,2,0.0,Indonesia,0.25,Yes,59330.0,369,2017-08-22
370,Efrem,Manifould,emanifoulda9@vkontakte.ru,Legal,1,0.0,Japan,0.25,Yes,53829.0,370,1990-06-07
371,Cyndie,Jeaycock,cjeaycockaa@sciencedaily.com,Human Resources,1,0.0,Philippines,0.25,Yes,87674.0,371,2016-02-06
372,Bank,Grotty,bgrottyab@yandex.ru,Business Development,8,0.0,Portugal,0.75,No,38890.0,372,2004-09-26
373,Kaine,Meckiff,kmeckiffac@yandex.ru,Services,2,0.0,Thailand,0.5,Yes,90946.0,373,2012-09-18
374,Lanita,Stocken,lstockenad@google.ru,Product Management,4,1.0,Palestinian Territory,0.25,Yes,44113.0,374,2012-10-14
375,Essy,Josham,ejoshamae@ebay.com,Legal,4,,Canada,0.75,Yes,,375,2001-06-19
376,Maurizia,Impy,mimpyaf@php.net,Business Development,7,1.0,China,0.25,Yes,99451.0,376,1994-04-24
377,Reid,Suter,rsuterag@stanford.edu,Business Development,5,0.0,Vietnam,1.0,No,94987.0,377,2011-11-26
378,Sloan,Cutmare,,Legal,3,0.0,China,0.5,No,86033.0,378,2018-08-29
379,Gusti,Bampford,gbampfordai@slideshare.net,Marketing,6,0.0,Canada,1.0,Yes,52479.0,379,1992-07-20
380,,Ivanishin,rivanishinaj@state.gov,Training,10,0.0,Armenia,0.25,No,,380,2005-08-29
381,Melisenda,Brunelleschi,mbrunelleschiak@lycos.com,Training,4,0.0,Martinique,0.5,No,39913.0,381,
382,Arthur,Momford,amomfordal@slideshare.net,Human Resources,5,0.0,United States,1.0,Yes,37261.0,382,2002-08-06
383,,Haney`,lhaneyam@biglobe.ne.jp,Accounting,4,0.0,Czech Republic,0.5,Yes,78196.0,383,1993-09-24
384,Riley,Petchell,rpetchellan@php.net,Human Resources,5,1.0,Japan,0.5,No,30112.0,384,2004-01-22
385,Catlin,Tommasuzzi,ctommasuzziao@histats.com,Services,10,0.0,Philippines,1.0,No,88046.0,385,2004-09-25
386,Mackenzie,Poynser,mpoynserap@businesswire.com,Sales,8,0.0,Micronesia,1.0,Yes,74350.0,386,2018-05-11
387,Collie,Muckley,cmuckleyaq@netscape.com,Support,2,1.0,Canada,0.25,No,39514.0,387,1991-02-07
388,Carry,Yardy,cyardyar@home.pl,Product Management,2,0.0,Russia,1.0,Yes,74493.0,388,
389,Beltran,Hillborne,,Human Resources,8,0.0,Brazil,0.25,Yes,74856.0,389,1998-04-19
390,Nancy,Stockin,nstockinat@artisteer.com,Sales,4,0.0,Russia,0.75,No,61537.0,390,2008-02-15
391,Jilli,Ashbee,jashbeeau@amazon.com,Engineering,1,0.0,Cameroon,1.0,No,42848.0,391,2012-09-05
392,Adrien,Joy,ajoyav@hibu.com,Business Development,6,0.0,Canada,1.0,No,46947.0,392,2006-06-18
393,Elmer,Felce,efelceaw@dion.ne.jp,Human Resources,5,1.0,Bulgaria,0.25,No,73026.0,393,2015-03-04
394,Fernando,Augustin,,Training,5,1.0,Philippines,0.75,No,24325.0,394,1993-05-10
395,Dagmar,Ciani,dcianiay@skype.com,Training,9,0.0,Philippines,0.5,Yes,98494.0,395,2002-02-27
396,Hugh,Read,hreadaz@yahoo.com,Accounting,2,0.0,Russia,0.5,Yes,65410.0,396,1992-06-05
397,Maxine,Pettipher,mpettipherb0@abc.net.au,Services,1,0.0,Indonesia,0.75,Yes,56077.0,397,2002-09-11
398,Adelbert,Featherbie,,Training,9,0.0,Morocco,0.75,Yes,35737.0,398,2009-02-18
399,Dorey,Hupe,dhupeb2@yahoo.co.jp,Training,9,0.0,China,0.5,,70101.0,399,
400,Gris,Senn,gsennb3@dailymotion.com,Sales,10,0.0,Ukraine,0.5,,83493.0,400,2002-01-31
401,Lee,Hancill,,Legal,6,0.0,Indonesia,0.5,,33997.0,401,2016-07-01
402,Issy,Cundy,icundyb5@bigcartel.com,Training,6,0.0,Ivory Coast,0.25,Yes,32142.0,402,2004-05-24
403,Heinrick,Gallie,hgallieb6@tinyurl.com,Product Management,8,0.0,Italy,0.5,Yes,94375.0,403,2006-02-04
404,Bryn,Philot,bphilotb7@home.pl,Product Management,4,0.0,Canada,1.0,Yes,58512.0,404,1994-10-04
405,Gwenette,Maton,,Legal,10,1.0,Sweden,0.5,,33683.0,405,2002-05-14
406,Willi,Barkhouse,wbarkhouseb9@wunderground.com,Support,6,0.0,Russia,1.0,Yes,59314.0,406,
407,Amaleta,Bowyer,abowyerba@nature.com,Business Development,10,1.0,Indonesia,0.25,No,93354.0,407,2008-09-08
408,Weylin,Rother,wrotherbb@go.com,Business Development,6,0.0,Greece,0.25,No,58385.0,408,1996-12-02
409,Garrik,Strodder,gstrodderbc@bluehost.com,Marketing,4,0.0,Argentina,0.25,No,88600.0,409,1997-02-27
410,Tamqrah,Flude,tfludebd@google.co.jp,Research and Development,1,0.0,Nepal,0.5,Yes,,410,
411,Wayland,Titford,wtitfordbe@weibo.com,Engineering,7,0.0,Philippines,1.0,No,77017.0,411,1996-03-14
412,Wynn,Tellenbrook,wtellenbrookbf@economist.com,Product Management,1,1.0,Peru,1.0,No,50002.0,412,1990-11-24
413,Sheeree,Iacovides,siacovidesbg@godaddy.com,Training,1,0.0,Poland,1.0,Yes,26415.0,413,1997-09-13
414,Boot,Lyons,blyonsbh@aol.com,Research and Development,9,0.0,Philippines,0.75,Yes,75474.0,414,
415,Angus,Abels,aabelsbi@nytimes.com,Business Development,2,0.0,Tanzania,1.0,Yes,62239.0,415,2008-05-26
416,Mic,Upjohn,,Product Management,6,0.0,Luxembourg,0.5,No,59098.0,416,1995-02-25
417,Debor,Pendre,dpendrebk@answers.com,Marketing,4,1.0,China,1.0,No,29061.0,417,1996-12-10
418,Harper,Mosdall,hmosdallbl@ibm.com,Engineering,2,0.0,France,0.5,No,51055.0,418,2000-10-16
419,Fayre,Aukland,fauklandbm@vimeo.com,Sales,2,0.0,Russia,0.75,Yes,43776.0,419,1999-10-05
420,Milli,Bricknall,mbricknallbn@github.io,Legal,8,0.0,Indonesia,0.5,Yes,56643.0,420,1997-07-31
421,Boonie,Raccio,bracciobo@t-online.de,Business Development,6,0.0,El Salvador,0.25,No,34918.0,421,2006-05-10
422,Halette,Dufer,hduferbp@usatoday.com,Support,3,0.0,China,0.75,Yes,55886.0,422,2008-02-29
423,Gretta,Zealey,,Training,7,0.0,Yemen,0.25,Yes,,423,2017-08-15
424,Saxe,Bunten,sbuntenbr@ow.ly,Business Development,1,0.0,Yemen,0.75,No,,424,
425,Hoebart,Giffkins,hgiffkinsbs@list-manage.com,Engineering,9,0.0,Togo,0.75,Yes,49180.0,425,2017-01-02
426,Mahmoud,Desouza,mdesouzabt@scientificamerican.com,Business Development,1,0.0,France,0.25,Yes,89270.0,426,1992-05-20
427,Cody,Brimson,cbrimsonbu@go.com,Marketing,8,0.0,Portugal,1.0,No,95812.0,427,2011-09-13
428,Winnie,Karpe,wkarpebv@google.nl,Accounting,9,0.0,Brazil,0.5,No,38664.0,428,2008-02-16
429,Immanuel,Robottham,irobotthambw@state.tx.us,Engineering,3,1.0,Serbia,1.0,No,74285.0,429,1997-08-22
430,Rhody,McTiernan,rmctiernanbx@usatoday.com,Research and Development,2,1.0,China,0.25,No,,430,2016-12-20
431,Lanae,Aust,laustby@mashable.com,Research and Development,4,1.0,Uzbekistan,0.75,No,39958.0,431,2007-02-21
432,Nerty,Goymer,ngoymerbz@washingtonpost.com,Research and Development,2,0.0,Japan,0.75,Yes,29927.0,432,2010-05-12
433,Chrystal,Hebson,chebsonc0@taobao.com,Legal,6,0.0,Macedonia,0.75,No,73380.0,433,1992-06-05
434,Sax,Zmitrichenko,szmitrichenkoc1@slate.com,Legal,7,0.0,Ukraine,0.5,Yes,46928.0,434,2002-08-20
435,Wainwright,Vacher,wvacherc2@pagesperso-orange.fr,Support,8,0.0,Indonesia,0.5,Yes,22097.0,435,2013-01-12
436,Irvin,Jorck,ijorckc3@rambler.ru,Services,10,0.0,China,0.5,Yes,31040.0,436,2014-07-27
437,Sascha,Cartlidge,scartlidgec4@dion.ne.jp,Research and Development,8,0.0,Philippines,0.75,Yes,57836.0,437,2007-03-19
438,Lesley,Luggar,lluggarc5@youtu.be,Services,2,0.0,China,0.5,Yes,28805.0,438,2006-03-26
439,Carolynn,Aikman,caikmanc6@meetup.com,Sales,10,0.0,Indonesia,1.0,Yes,86609.0,439,2003-08-12
440,Nanette,Buie,nbuiec7@netscape.com,Engineering,7,0.0,Japan,0.25,Yes,97750.0,440,2009-06-15
441,James,Boissieux,,Sales,4,0.0,Portugal,0.75,Yes,22973.0,441,2004-01-04
442,Janenna,Cockarill,jcockarillc9@people.com.cn,Support,2,0.0,Israel,1.0,Yes,75538.0,442,2004-09-19
443,Aeriela,Blaycock,ablaycockca@huffingtonpost.com,Sales,6,0.0,Peru,1.0,Yes,64899.0,443,2019-04-24
444,Jade,MacPadene,jmacpadenecb@nbcnews.com,Sales,8,1.0,Portugal,0.25,No,25895.0,444,1996-06-17
445,Melamie,Mulhall,mmulhallcc@diigo.com,Research and Development,9,0.0,Indonesia,0.5,Yes,53498.0,445,2012-02-01
446,Bruis,Rathe,brathecd@jiathis.com,Human Resources,7,0.0,Philippines,0.25,No,33021.0,446,2005-04-27
447,Matthieu,Lohde,mlohdece@statcounter.com,Human Resources,9,0.0,Philippines,1.0,Yes,,447,2004-06-07
448,Gwyneth,Ragbourne,gragbournecf@hubpages.com,Support,1,0.0,Iran,0.25,Yes,55540.0,448,2003-06-08
449,Coriss,Hagstone,chagstonecg@vistaprint.com,Engineering,4,0.0,Armenia,0.75,Yes,48140.0,449,2002-05-15
450,Leif,Gavrieli,lgavrielich@bbc.co.uk,Accounting,9,1.0,China,0.75,No,32853.0,450,2010-11-19
451,Cam,Tidey,ctideyci@nature.com,Legal,4,0.0,Indonesia,0.75,No,73398.0,451,
452,Jo-ann,Lovel,jlovelcj@goo.ne.jp,Engineering,4,0.0,China,0.25,Yes,56842.0,452,1996-02-09
453,Julio,Varian,jvarianck@creativecommons.org,Product Management,5,0.0,France,0.75,No,73861.0,453,2013-05-03
454,Diane-marie,Harness,dharnesscl@spiegel.de,Product Management,9,0.0,China,0.5,Yes,62228.0,454,2007-09-09
455,Ellissa,Twigge,etwiggecm@latimes.com,Product Management,8,0.0,Bosnia and Herzegovina,1.0,No,74525.0,455,2013-09-12
456,Tasia,Robardey,,Engineering,7,0.0,Philippines,0.5,Yes,,456,2002-11-20
457,Lanny,Matzl,lmatzlco@apple.com,Support,5,0.0,Sweden,0.25,Yes,22478.0,457,2016-02-16
458,,Service,cservicecp@webeden.co.uk,Accounting,4,1.0,Brazil,0.5,Yes,70921.0,458,2017-10-01
459,Torrence,Garrick,,Sales,4,1.0,Philippines,0.25,Yes,65368.0,459,1990-06-07
460,Jesselyn,Peyzer,jpeyzercr@topsy.com,Services,4,0.0,Syria,0.25,Yes,73933.0,460,2019-04-04
461,Dalt,Hugland,dhuglandcs@va.gov,Sales,9,0.0,South Africa,1.0,No,77402.0,461,1999-03-31
462,Esther,McGlew,emcglewct@ftc.gov,Training,1,0.0,China,1.0,No,34385.0,462,1991-04-06
463,Dwain,le Keux,dlekeuxcu@cnbc.com,Research and Development,6,0.0,France,0.25,No,57896.0,463,2004-05-12
464,Luther,Mosley,,Support,10,0.0,Ethiopia,0.75,Yes,55035.0,464,2005-08-30
465,Paloma,Aldersea,,Legal,8,0.0,Peru,1.0,Yes,91788.0,465,1993-02-09
466,Karoly,Sparling,ksparlingcx@ibm.com,Human Resources,3,1.0,Colombia,1.0,No,93612.0,466,2010-10-11
467,Correy,Frizell,cfrizellcy@google.com.hk,Support,9,0.0,Poland,0.75,No,58783.0,467,2000-06-17
468,Edvard,Nawton,enawtoncz@bandcamp.com,Services,5,0.0,China,0.5,No,39889.0,468,2013-10-16
469,Leyla,Pratte,lpratted0@t.co,Accounting,10,0.0,Armenia,0.5,No,78483.0,469,2004-09-26
470,Dale,Borthe,dborthed1@va.gov,Human Resources,1,0.0,Thailand,1.0,Yes,50005.0,470,2009-06-20
471,Addia,Cairney,acairneyd2@jigsy.com,Sales,4,0.0,Malaysia,0.75,Yes,83447.0,471,2010-05-29
472,Toma,Hindenburg,thindenburgd3@amazon.de,Research and Development,10,0.0,Greece,1.0,Yes,29649.0,472,2005-01-13
473,Venus,Hatherley,vhatherleyd4@xinhuanet.com,Training,1,0.0,Russia,0.75,Yes,27905.0,473,
474,Lynelle,Vasovic,lvasovicd5@msu.edu,Accounting,5,0.0,Philippines,0.75,No,37635.0,474,2001-04-06
475,Tony,Maycey,tmayceyd6@ca.gov,Research and Development,2,0.0,China,0.75,Yes,74449.0,475,1997-10-04
476,Claudelle,Millom,cmillomd7@weibo.com,Services,2,1.0,Armenia,0.75,Yes,83423.0,476,2009-07-13
477,Kimble,Crock,kcrockd8@dell.com,Training,5,0.0,Portugal,1.0,Yes,58037.0,477,2000-05-13
478,Filmer,Duignan,fduignand9@slate.com,Human Resources,1,0.0,China,0.25,No,67698.0,478,2016-03-14
479,George,Pentercost,gpentercostda@thetimes.co.uk,Human Resources,9,0.0,Laos,1.0,,68976.0,479,1999-06-12
480,Carmencita,Janks,cjanksdb@deliciousdays.com,Legal,1,0.0,Albania,0.25,No,26677.0,480,2014-04-28
481,Randolph,Meffen,rmeffendc@buzzfeed.com,Services,2,0.0,East Timor,1.0,Yes,79126.0,481,2012-01-06
482,Bayard,Wark,bwarkdd@360.cn,Product Management,7,0.0,Palestinian Territory,1.0,No,,482,1992-09-19
483,Remus,Maciaszek,rmaciaszekde@census.gov,Services,4,0.0,South Korea,1.0,No,54153.0,483,2009-12-28
484,,Braim,ebraimdf@webnode.com,Legal,3,0.0,Japan,0.25,Yes,98324.0,484,2000-08-09
485,Stoddard,Janikowski,,Human Resources,8,0.0,Indonesia,0.75,No,78925.0,485,2004-09-13
486,Estell,Whenman,ewhenmandh@miibeian.gov.cn,Product Management,4,0.0,Poland,1.0,No,53205.0,486,2002-05-24
487,Ced,Ateggart,categgartdi@domainmarket.com,Support,9,0.0,Portugal,0.75,Yes,35608.0,487,1994-06-22
488,Laurene,Fellow,lfellowdj@uol.com.br,Engineering,9,1.0,Sweden,0.25,No,58995.0,488,2000-07-29
489,Correy,Sleeny,csleenydk@drupal.org,Support,6,0.0,Serbia,0.75,No,30851.0,489,1997-10-12
490,Coreen,Piell,cpielldl@hao123.com,Business Development,10,0.0,Indonesia,0.75,No,61619.0,490,2003-08-20
491,Ilsa,Ungaretti,iungarettidm@freewebs.com,Marketing,3,1.0,Syria,0.5,Yes,84824.0,491,2004-10-24
492,Jerry,Tole,jtoledn@usa.gov,Engineering,2,0.0,Mexico,0.75,Yes,90667.0,492,1996-01-18
493,Madeline,Patullo,mpatullodo@bing.com,Engineering,5,0.0,China,0.25,Yes,,493,1997-12-17
494,Hall,Fetterplace,hfetterplacedp@huffingtonpost.com,Business Development,3,0.0,Nicaragua,0.75,No,32754.0,494,
495,Kara-lynn,Acklands,kacklandsdq@cornell.edu,Services,5,0.0,France,0.75,Yes,76317.0,495,1997-04-17
496,Viv,Stanluck,vstanluckdr@infoseek.co.jp,Training,2,0.0,Argentina,0.5,Yes,92153.0,496,2008-03-07
497,Missy,Le Breton De La Vieuville,mlebretondelavieuvilleds@buzzfeed.com,Legal,9,0.0,Kazakhstan,0.25,No,34228.0,497,2006-07-05
498,Creighton,Aldine,caldinedt@ucoz.com,Human Resources,5,0.0,Portugal,1.0,Yes,86641.0,498,1995-12-07
499,Dov,Dinan,ddinandu@youtu.be,Human Resources,10,1.0,China,0.75,Yes,39974.0,499,2003-02-24
500,Karalynn,Burwood,,Engineering,7,0.0,Poland,0.25,Yes,,500,1998-10-09
501,Alvie,Lehrer,,Research and Development,10,0.0,Brazil,0.75,No,23341.0,501,2016-02-24
502,Edmund,Heskey,eheskeydx@w3.org,Product Management,7,0.0,China,0.75,No,25235.0,502,2014-09-23
503,Twyla,Twiddell,ttwiddelldy@sciencedirect.com,Research and Development,5,0.0,China,0.5,No,61705.0,503,2004-01-03
504,Dunn,O'Donnell,dodonnelldz@wunderground.com,Marketing,10,0.0,Ireland,1.0,No,90362.0,504,2013-05-17
505,Shalom,Oldaker,soldakere0@icio.us,Research and Development,8,0.0,Indonesia,0.75,Yes,72012.0,505,
506,Gardener,Greggersen,ggreggersene1@indiegogo.com,Human Resources,10,0.0,Costa Rica,1.0,No,20297.0,506,2007-11-01
507,Antonio,Kermott,akermotte2@slideshare.net,Marketing,7,1.0,Indonesia,0.5,No,71806.0,507,2014-03-05
508,Antone,Slocum,aslocume3@engadget.com,Sales,3,0.0,South Africa,1.0,Yes,48590.0,508,2015-05-29
509,Ludovico,Pridden,lpriddene4@lulu.com,Accounting,10,1.0,Sudan,0.25,Yes,88772.0,509,2007-04-07
510,Justen,Giovannini,jgiovanninie5@taobao.com,Services,8,0.0,Iran,0.5,Yes,83024.0,510,2005-07-29
511,Britni,Buttel,bbuttele6@netlog.com,Support,8,0.0,Panama,0.5,Yes,38858.0,511,2001-03-23
512,Jena,Solloway,jsollowaye7@huffingtonpost.com,Marketing,5,1.0,Morocco,0.5,No,54055.0,512,2003-08-26
513,Alexandra,Mardell,amardelle8@europa.eu,Engineering,2,1.0,Brazil,0.25,No,,513,2002-10-15
514,Merola,Budnk,mbudnke9@un.org,Sales,5,0.0,Russia,0.75,No,31946.0,514,
515,Dulcinea,Van der Krui,dvanderkruiea@rambler.ru,Product Management,7,0.0,Russia,1.0,Yes,54272.0,515,
516,Maighdiln,Ohrt,mohrteb@photobucket.com,Accounting,5,0.0,East Timor,0.25,Yes,51129.0,516,2012-01-12
517,Meaghan,Boyat,mboyatec@google.ca,Business Development,9,0.0,Malaysia,0.25,Yes,54707.0,517,2006-07-07
518,Salvatore,Inglesfield,singlesfielded@a8.net,Sales,7,0.0,Ivory Coast,0.25,Yes,57662.0,518,2004-02-18
519,Vilma,Deverose,vdeveroseee@pcworld.com,Services,4,0.0,Gambia,1.0,No,75338.0,519,2016-03-05
520,Marcie,Esseby,,Services,10,0.0,Philippines,0.25,Yes,55901.0,520,2010-12-07
521,Stacee,Leaburn,sleaburneg@netlog.com,Support,8,0.0,Nicaragua,0.25,Yes,37070.0,521,2012-06-29
522,Rolfe,Camus,rcamuseh@businessinsider.com,Product Management,9,0.0,Sweden,0.25,Yes,54480.0,522,1990-08-30
523,Clary,Slowcock,,Accounting,9,1.0,Canada,0.5,Yes,90715.0,523,2000-06-12
524,Marcille,Groneway,mgronewayej@ca.gov,Services,6,0.0,Greece,0.25,No,88037.0,524,1994-02-15
525,Tito,Dalziell,tdalziellek@tuttocitta.it,Human Resources,6,0.0,China,1.0,Yes,80222.0,525,2013-11-22
526,Spence,Swalteridge,sswalteridgeel@archive.org,Services,7,0.0,Japan,1.0,,66444.0,526,1997-04-29
527,Kally,Guido,kguidoem@nyu.edu,Training,3,0.0,Colombia,0.75,Yes,,527,1991-08-04
528,Booth,Clee,bcleeen@free.fr,Legal,4,0.0,Philippines,0.75,Yes,38129.0,528,2001-02-27
529,Emelita,Glaisner,eglaisnereo@blog.com,Product Management,6,0.0,Poland,0.75,Yes,87219.0,529,2000-10-30
530,Gavan,Dislee,gdisleeep@google.pl,Sales,6,0.0,France,1.0,No,76881.0,530,2017-08-11
531,Janenna,Shemelt,jshemelteq@examiner.com,Sales,8,0.0,French Polynesia,0.5,Yes,57248.0,531,
532,Jeromy,Lewry,jlewryer@omniture.com,Engineering,9,0.0,Poland,0.25,No,57125.0,532,1991-04-02
533,Anthe,Pineaux,apineauxes@tinypic.com,Accounting,6,0.0,France,0.75,Yes,33048.0,533,1992-11-24
534,Dixie,Beresford,,Research and Development,1,0.0,Indonesia,1.0,Yes,69727.0,534,2000-06-04
535,Cullen,Ribey,cribeyeu@engadget.com,Business Development,9,0.0,China,0.5,Yes,65142.0,535,2006-10-08
536,Angelita,Nowick,anowickev@ucsd.edu,Business Development,7,0.0,Dominican Republic,1.0,Yes,62326.0,536,2002-01-30
537,Rebekah,Boydle,rboydleew@irs.gov,Sales,1,0.0,Jamaica,0.75,No,52781.0,537,2016-06-19
538,Ellery,Marven,emarvenex@cbc.ca,Support,5,1.0,Ukraine,0.5,Yes,,538,1995-06-27
539,Kary,Parlet,kparletey@salon.com,Sales,4,0.0,China,0.25,No,70291.0,539,2012-02-02
540,Hoyt,La Vigne,hlavigneez@mail.ru,Research and Development,6,1.0,Madagascar,0.75,Yes,93087.0,540,2005-07-15
541,Armand,Bentsen,abentsenf0@si.edu,Product Management,4,0.0,Belgium,1.0,No,42375.0,541,2012-09-03
542,Dulcie,Swindells,,Engineering,1,0.0,Israel,0.75,Yes,50014.0,542,1997-03-25
543,Renaud,Deme,rdemef2@seesaa.net,Legal,4,0.0,Indonesia,1.0,Yes,70407.0,543,2019-04-15
544,Nikolai,Axelbee,naxelbeef3@harvard.edu,Accounting,10,0.0,Philippines,0.5,,40495.0,544,2004-06-22
545,Caty,Symes,csymesf4@utexas.edu,Legal,3,0.0,Indonesia,0.5,,93568.0,545,2007-01-06
546,Rey,Kenzie,rkenzief5@chicagotribune.com,Marketing,4,0.0,China,0.5,No,93467.0,546,2012-12-04
547,Hobart,Deignan,hdeignanf6@infoseek.co.jp,Support,7,0.0,France,0.5,Yes,98338.0,547,1996-12-25
548,Jemimah,Gottelier,,Research and Development,1,0.0,Czech Republic,1.0,Yes,98554.0,548,1996-11-23
549,Valaria,Matteoni,vmatteonif8@nymag.com,Sales,6,0.0,North Korea,0.5,Yes,65016.0,549,2018-05-07
550,Petronilla,Barham,pbarhamf9@reddit.com,Accounting,7,0.0,Malaysia,0.5,No,88199.0,550,2016-03-17
551,Bartholomeo,Loy,bloyfa@g.co,Training,1,1.0,Colombia,0.25,No,84915.0,551,
552,Elmo,Lowrey,elowreyfb@clickbank.net,Legal,5,0.0,Indonesia,0.75,,64547.0,552,2013-09-17
553,Kylie,Fuzzey,kfuzzeyfc@newsvine.com,Sales,4,0.0,Indonesia,0.75,Yes,69455.0,553,2013-06-14
554,Lenna,Buttress,lbuttressfd@princeton.edu,Research and Development,7,0.0,Indonesia,0.75,No,77756.0,554,2011-03-06
555,Gabi,Klimko,gklimkofe@archive.org,Support,7,0.0,Mexico,0.5,No,93381.0,555,
556,Ashleigh,Kull,akullff@uiuc.edu,Services,10,0.0,Spain,0.25,Yes,56789.0,556,1992-01-29
557,Josefa,Brizell,jbrizellfg@go.com,Human Resources,4,1.0,Russia,0.25,Yes,53391.0,557,2015-07-04
558,Desiri,Devorill,ddevorillfh@weibo.com,Marketing,2,1.0,China,0.25,No,94726.0,558,2005-09-30
559,Tabatha,Blague,tblaguefi@china.com.cn,Services,6,0.0,Indonesia,0.75,No,29370.0,559,2010-04-05
560,Iver,Greening,,Human Resources,7,1.0,Faroe Islands,0.75,Yes,52805.0,560,1991-12-16
561,Warner,McDuffy,wmcduffyfk@msn.com,Training,1,0.0,China,1.0,Yes,82881.0,561,2014-11-18
562,Dori,Bastiman,dbastimanfl@angelfire.com,Support,4,0.0,Thailand,0.5,Yes,26280.0,562,2006-12-02
563,Ahmed,Vergine,averginefm@bravesites.com,Human Resources,3,0.0,Bangladesh,1.0,,20227.0,563,2013-10-24
564,Edi,Crayton,ecraytonfn@nationalgeographic.com,Services,4,0.0,Bhutan,0.75,Yes,35744.0,564,2018-06-29
565,Bell,Riolfi,briolfifo@sciencedirect.com,Sales,7,1.0,Macedonia,1.0,No,29450.0,565,2013-12-12
566,Roz,Haffenden,rhaffendenfp@theatlantic.com,Accounting,10,0.0,Indonesia,0.75,,64367.0,566,2007-05-22
567,Lyndsey,Gullis,lgullisfq@elpais.com,Accounting,5,1.0,Japan,0.25,Yes,57852.0,567,2008-01-22
568,Luella,Prevost,lprevostfr@google.com.hk,Support,1,0.0,Pakistan,1.0,Yes,,568,1996-08-21
569,Drusy,Raiston,draistonfs@alibaba.com,Engineering,1,0.0,China,0.5,No,68935.0,569,2012-10-23
570,Xenia,Windrus,,Business Development,6,0.0,Russia,0.5,Yes,38910.0,570,1992-01-20
571,Tony,Smorthit,tsmorthitfu@youku.com,Product Management,1,0.0,Netherlands,0.25,Yes,28740.0,571,1991-08-10
572,Inessa,Winckles,iwincklesfv@eventbrite.com,Support,9,0.0,Qatar,1.0,Yes,32488.0,572,2018-04-02
573,Niven,Eddow,neddowfw@seesaa.net,Services,9,0.0,Poland,1.0,No,35256.0,573,2000-03-11
574,Upton,Padley,upadleyfx@apache.org,Support,5,0.0,China,0.75,Yes,93343.0,574,2012-08-12
575,D'arcy,Green,dgreenfy@weather.com,Marketing,4,0.0,Brazil,1.0,Yes,24184.0,575,2014-08-17
576,Norris,Bastin,nbastinfz@angelfire.com,Research and Development,6,0.0,Philippines,1.0,Yes,,576,2011-01-22
577,Misti,McAlindon,mmcalindong0@mapy.cz,Business Development,9,0.0,China,0.5,Yes,,577,2008-03-28
578,Elvyn,Buckerfield,,Legal,4,1.0,Brazil,1.0,Yes,63450.0,578,2011-03-15
579,Thaddeus,Croan,tcroang2@paypal.com,Human Resources,5,0.0,Serbia,0.25,Yes,61720.0,579,2001-03-09
580,Rochette,Scarlan,rscarlang3@illinois.edu,Support,9,1.0,China,0.75,Yes,51576.0,580,1992-07-11
581,Celene,Acreman,cacremang4@yahoo.co.jp,Human Resources,9,0.0,France,1.0,No,70562.0,581,2004-10-30
582,Hadleigh,Toomey,htoomeyg5@geocities.com,Research and Development,6,0.0,Mexico,1.0,Yes,,582,2015-08-17
583,Caspar,Blaschke,,Engineering,3,0.0,Indonesia,0.75,No,57926.0,583,2001-05-27
584,Batholomew,Rossborough,,Product Management,7,0.0,China,0.25,Yes,,584,2015-10-20
585,Lisabeth,Grason,lgrasong8@networkadvertising.org,Human Resources,3,0.0,Argentina,1.0,No,81355.0,585,2002-09-04
586,Linet,Nockells,lnockellsg9@freewebs.com,Engineering,2,0.0,Poland,0.25,No,33423.0,586,1993-03-17
587,Kaye,MacDowal,kmacdowalga@google.com.br,Accounting,8,0.0,China,0.25,No,54654.0,587,2015-07-03
588,Mireielle,Walklot,mwalklotgb@independent.co.uk,Human Resources,2,1.0,Poland,0.5,No,59466.0,588,2010-11-12
696,Mozelle,Andryushin,,Legal,5,0.0,Japan,0.5,Yes,20725.0,696,2014-03-18
589,Florenza,Pettingill,fpettingillgc@howstuffworks.com,Research and Development,8,0.0,Comoros,0.25,Yes,24966.0,589,2007-01-21
590,Jennee,Wadie,jwadiegd@dropbox.com,Support,3,0.0,Peru,1.0,Yes,98435.0,590,1994-11-18
591,Reginauld,Glew,rglewge@webnode.com,Business Development,1,0.0,Brazil,0.75,,83661.0,591,2003-01-26
592,Nancey,Archbold,narchboldgf@ftc.gov,Product Management,3,0.0,Philippines,0.5,No,32273.0,592,2017-05-07
593,Lilias,Hicks,lhicksgg@weibo.com,Product Management,8,0.0,Kazakhstan,1.0,No,33340.0,593,1996-07-28
594,Beatriz,Hoppner,bhoppnergh@mediafire.com,Sales,7,0.0,Peru,0.75,No,89225.0,594,1995-12-23
595,Rurik,Leamy,,Legal,5,0.0,Czech Republic,0.75,No,25022.0,595,2017-07-23
596,Asa,Poytress,apoytressgj@wp.com,Research and Development,9,0.0,Japan,0.5,Yes,24843.0,596,2002-05-12
597,Carson,Dureden,cduredengk@pagesperso-orange.fr,Marketing,4,0.0,Russia,1.0,No,40979.0,597,2018-07-28
598,Kiel,Casella,kcasellagl@nbcnews.com,Support,2,0.0,China,0.5,No,60179.0,598,2009-09-25
599,Leelah,Eagell,leagellgm@ed.gov,Engineering,4,0.0,Japan,1.0,Yes,23556.0,599,2004-07-16
600,Zabrina,Veale,zvealegn@squidoo.com,Marketing,8,0.0,Palestinian Territory,0.5,No,39659.0,600,1994-12-05
601,Kyrstin,Patty,kpattygo@yolasite.com,Business Development,1,0.0,China,0.5,Yes,28016.0,601,1996-09-23
602,Anjela,Diego,,Research and Development,2,0.0,Colombia,0.25,No,71005.0,602,
603,Dill,Aneley,daneleygq@sfgate.com,Human Resources,3,0.0,Russia,1.0,,41473.0,603,
604,Evangeline,Nerheny,enerhenygr@sakura.ne.jp,Sales,6,0.0,Russia,1.0,Yes,58030.0,604,
605,Melody,Livings,mlivingsgs@cyberchimps.com,Marketing,5,0.0,China,0.5,No,47771.0,605,2008-08-05
606,Nil,Whitman,nwhitmangt@hugedomains.com,Legal,5,0.0,China,0.25,No,56718.0,606,2007-05-16
607,Anastasie,Exton,aextongu@wix.com,Marketing,7,0.0,China,0.5,No,34714.0,607,1995-03-30
608,Lucho,Linster,llinstergv@yellowpages.com,Human Resources,7,0.0,United States,1.0,Yes,82136.0,608,2006-06-29
609,Simon,Giacaponi,sgiacaponigw@jigsy.com,Engineering,8,0.0,Russia,0.5,No,40073.0,609,1994-10-15
610,Peder,Sorey,psoreygx@oracle.com,Sales,7,0.0,Indonesia,0.25,No,93817.0,610,1998-11-20
611,Franni,Mapston,fmapstongy@weebly.com,Services,10,0.0,China,0.25,Yes,61696.0,611,2016-07-24
612,Sophi,Haborn,shaborngz@ted.com,Business Development,9,0.0,Portugal,1.0,No,43019.0,612,2001-04-04
613,Camella,Hasloch,chaslochh0@yale.edu,Legal,7,1.0,Faroe Islands,0.25,Yes,98668.0,613,2008-04-11
614,Midge,O'Halloran,mohalloranh1@seattletimes.com,Product Management,7,0.0,France,0.5,Yes,48508.0,614,1994-06-16
615,Constancia,Dyton,cdytonh2@deviantart.com,Accounting,9,0.0,China,0.75,No,53659.0,615,2018-07-24
616,Allyson,Sykes,asykesh3@wunderground.com,Training,4,0.0,Finland,0.75,No,59092.0,616,1998-08-14
617,Kenyon,Restorick,krestorickh4@issuu.com,Training,8,0.0,Italy,1.0,Yes,86723.0,617,
618,Waite,Mortimer,wmortimerh5@photobucket.com,Services,7,0.0,Indonesia,1.0,No,94923.0,618,1993-11-12
619,Temple,Cogley,,Training,1,1.0,United States,0.25,Yes,65699.0,619,2016-10-09
620,Sutton,Coniam,sconiamh7@domainmarket.com,Engineering,8,0.0,Indonesia,0.75,No,75011.0,620,2012-08-25
621,Happy,Stanaway,hstanawayh8@artisteer.com,Product Management,8,0.0,Slovenia,1.0,No,97063.0,621,2007-08-16
622,Bernete,Belchamber,bbelchamberh9@webnode.com,Business Development,5,0.0,Indonesia,0.25,Yes,73483.0,622,2002-04-20
623,Jazmin,Brodeur,jbrodeurha@a8.net,Support,5,0.0,Iran,0.25,No,20473.0,623,2017-11-04
624,Aaron,Tack,atackhb@chron.com,Legal,5,0.0,Zambia,0.25,No,34827.0,624,2015-09-15
625,Gilda,Crass,,Training,6,0.0,Czech Republic,0.5,Yes,53264.0,625,1992-06-05
626,Kristyn,Leamon,kleamonhd@flavors.me,Product Management,5,0.0,Netherlands,0.75,Yes,56591.0,626,
627,Georgena,Antonin,gantoninhe@about.me,Human Resources,8,0.0,Brazil,0.75,No,72275.0,627,2005-06-19
628,Paulo,Armsden,parmsdenhf@phoca.cz,Human Resources,5,0.0,Serbia,0.75,No,70201.0,628,2014-04-12
629,Lorita,Waterman,lwatermanhg@t.co,Research and Development,4,0.0,Portugal,0.25,Yes,,629,2010-10-05
630,Fredra,Horsey,fhorseyhh@cnn.com,Sales,5,0.0,Spain,0.5,No,79362.0,630,1997-01-10
631,Guss,Hubbuck,ghubbuckhi@dell.com,Services,5,0.0,United States,1.0,No,78910.0,631,2018-09-29
632,Paloma,Bene,pbenehj@altervista.org,Services,8,0.0,China,0.75,No,94700.0,632,2000-05-22
633,Kele,Tiffney,ktiffneyhk@com.com,Legal,9,0.0,Indonesia,0.75,No,42377.0,633,2012-01-28
634,Cacilie,Troman,ctromanhl@nih.gov,Engineering,9,0.0,Austria,0.25,Yes,95813.0,634,2004-06-29
635,Jo-anne,Clack,jclackhm@buzzfeed.com,Engineering,5,0.0,China,1.0,Yes,73223.0,635,2005-01-17
636,,Smitham,csmithamhn@wikispaces.com,Support,5,0.0,China,0.25,,39403.0,636,2014-06-19
637,Chet,Kamiyama,ckamiyamaho@redcross.org,Accounting,2,0.0,Poland,0.25,No,44722.0,637,1995-10-22
638,Devinne,Westell,,Human Resources,3,0.0,Poland,1.0,No,85293.0,638,1992-11-02
639,Zacherie,Costard,zcostardhq@livejournal.com,Business Development,10,0.0,United States,1.0,No,91716.0,639,2017-11-04
640,Bevvy,Danis,bdanishr@nytimes.com,Legal,1,0.0,Indonesia,0.5,No,,640,2018-03-22
641,Ceil,Legion,clegionhs@youku.com,Marketing,1,1.0,Philippines,0.5,Yes,29223.0,641,2017-03-15
642,Chandra,Mattin,cmattinht@booking.com,Marketing,3,0.0,Brazil,0.5,Yes,89584.0,642,1999-04-18
643,Goldarina,Germain,ggermainhu@issuu.com,Product Management,8,0.0,Portugal,0.5,No,29483.0,643,2011-01-05
644,Kain,Cawdell,kcawdellhv@booking.com,Support,9,1.0,Lesotho,0.75,Yes,37319.0,644,1997-02-02
645,Vernen,Dunston,,Sales,2,0.0,Brazil,1.0,No,50428.0,645,2011-06-30
646,Carita,Malan,cmalanhx@etsy.com,Accounting,4,1.0,Philippines,0.75,No,41473.0,646,2007-07-01
647,Quintin,Bucktharp,qbucktharphy@macromedia.com,Training,2,0.0,Russia,1.0,No,49257.0,647,2013-07-27
648,Cirilo,Brangan,cbranganhz@sciencedaily.com,Legal,7,0.0,China,1.0,,68590.0,648,1998-10-12
649,Paola,McClay,pmcclayi0@de.vu,Engineering,2,0.0,Ireland,0.25,Yes,97512.0,649,2018-04-09
650,Donovan,Pollastro,,Accounting,6,0.0,Honduras,1.0,Yes,67071.0,650,1992-07-14
651,Roberto,Haldene,rhaldenei2@ovh.net,Business Development,6,0.0,Paraguay,0.25,No,38022.0,651,2011-08-22
652,,Scardefield,lscardefieldi3@webnode.com,Support,9,0.0,Russia,0.5,Yes,71425.0,652,2005-06-14
653,Pet,Moyser,pmoyseri4@utexas.edu,Training,1,1.0,China,0.5,No,58349.0,653,2017-11-03
654,Karel,Le Batteur,,Marketing,10,0.0,Brazil,0.75,Yes,86819.0,654,2011-07-01
655,Amandi,Bedson,abedsoni6@yellowbook.com,Support,2,0.0,Canada,0.5,No,20289.0,655,1998-04-16
656,Osborne,Hobble,ohobblei7@comcast.net,Accounting,9,0.0,China,0.5,No,46657.0,656,2000-04-25
657,Rhetta,Linfitt,rlinfitti8@dell.com,Research and Development,5,0.0,Democratic Republic of the Congo,0.25,No,23310.0,657,2016-02-12
658,Gretel,Dearing,gdearingi9@stanford.edu,Product Management,3,0.0,Russia,0.75,Yes,72448.0,658,2013-05-19
659,Valida,Fernely,,Product Management,9,0.0,Indonesia,0.5,Yes,41080.0,659,1991-02-28
660,Falito,Dansey,fdanseyib@chronoengine.com,Accounting,1,,Portugal,1.0,Yes,70463.0,660,2003-04-19
661,Mike,Spencley,mspencleyic@stumbleupon.com,Sales,1,0.0,Curacao,0.25,Yes,80534.0,661,1995-10-11
662,Caria,Asken,caskenid@soundcloud.com,Services,2,0.0,China,0.75,No,60990.0,662,1996-08-03
663,Frannie,O'Coskerry,,Business Development,3,0.0,Canada,0.5,No,58390.0,663,
664,Mahmoud,Maiklem,mmaiklemif@mediafire.com,Accounting,7,0.0,Philippines,0.5,Yes,54915.0,664,2013-06-07
665,Mill,Mouse,mmouseig@vk.com,Support,9,0.0,Nigeria,0.5,No,79801.0,665,1999-08-08
666,Charline,Channing,cchanningih@mac.com,Accounting,6,0.0,Netherlands,0.25,No,32513.0,666,1997-01-17
667,Gunther,Cicconetti,gcicconettiii@jigsy.com,Services,10,0.0,Nigeria,0.5,No,81311.0,667,2002-12-25
668,Mikol,Caldayrou,,Services,4,1.0,Poland,1.0,Yes,31128.0,668,2013-11-22
669,Benjamin,Capel,bcapelik@hc360.com,Sales,4,0.0,Indonesia,1.0,No,59871.0,669,2015-10-17
670,,Klimsch,jklimschil@google.de,Business Development,7,0.0,France,0.25,Yes,27499.0,670,1990-10-14
671,Julianna,Propper,jpropperim@homestead.com,Human Resources,3,0.0,Indonesia,0.75,No,94912.0,671,2014-11-25
672,Olenolin,Wegman,owegmanin@buzzfeed.com,Research and Development,4,0.0,Afghanistan,1.0,No,75435.0,672,
673,Ashlee,Perulli,aperulliio@acquirethisname.com,Research and Development,5,0.0,Poland,0.25,No,60004.0,673,2005-06-25
674,Penn,Discombe,pdiscombeip@xrea.com,Marketing,3,0.0,Japan,1.0,Yes,78451.0,674,
675,Stephie,Kuna,skunaiq@alibaba.com,Services,5,,France,0.25,Yes,72001.0,675,1990-08-26
676,Emanuele,Merrisson,emerrissonir@ebay.co.uk,Legal,5,1.0,Indonesia,1.0,,44785.0,676,2017-08-01
677,Jaquelyn,Viggers,jviggersis@pcworld.com,Support,7,0.0,Lebanon,0.5,Yes,69490.0,677,1990-03-18
678,Domeniga,Ravenscroft,dravenscroftit@imgur.com,Sales,1,1.0,Palestinian Territory,0.5,No,64603.0,678,2000-07-03
679,Tanny,Clemon,tclemoniu@npr.org,Research and Development,6,0.0,Chile,0.5,Yes,31419.0,679,2011-04-01
680,Saundra,Fearnyhough,sfearnyhoughiv@wired.com,Engineering,8,0.0,American Samoa,0.75,Yes,89142.0,680,
681,Duff,Madigan,dmadiganiw@miitbeian.gov.cn,Support,4,0.0,China,0.25,Yes,87341.0,681,2017-01-13
682,Marissa,Attryde,mattrydeix@ustream.tv,Research and Development,9,0.0,China,0.75,,74835.0,682,2009-05-10
683,Leigha,Megroff,lmegroffiy@lulu.com,Human Resources,1,0.0,Mali,0.25,Yes,88729.0,683,2013-06-16
684,Waverley,Glidder,wglidderiz@bbc.co.uk,Training,2,0.0,China,0.5,No,87661.0,684,2002-01-17
685,Elsa,Hadgkiss,ehadgkissj0@privacy.gov.au,Human Resources,6,0.0,Brazil,1.0,Yes,55863.0,685,2005-05-04
686,Kristin,Vigar,kvigarj1@theatlantic.com,Business Development,1,1.0,Indonesia,0.75,Yes,21783.0,686,2017-06-16
687,Kath,Robens,krobensj2@mtv.com,Marketing,3,0.0,Sweden,0.75,No,44598.0,687,2003-10-08
688,Maximilian,Jone,mjonej3@slashdot.org,Marketing,2,0.0,China,1.0,No,45622.0,688,2010-10-20
689,Kylen,Tours,ktoursj4@eventbrite.com,Training,5,0.0,Thailand,0.75,Yes,77269.0,689,2003-10-19
690,Haskell,Josefson,hjosefsonj5@yandex.ru,Engineering,9,0.0,Fiji,0.75,No,99219.0,690,2002-08-26
691,Philbert,McLemon,pmclemonj6@nhs.uk,Engineering,10,1.0,Philippines,0.75,,95418.0,691,2001-04-09
692,Ebenezer,Roseby,erosebyj7@ted.com,Legal,6,0.0,Yemen,0.5,Yes,46084.0,692,2010-01-03
693,Emylee,Quarmby,equarmbyj8@shinystat.com,Support,8,0.0,China,1.0,No,76111.0,693,2010-06-19
694,Creighton,MacCombe,cmaccombej9@myspace.com,Human Resources,9,1.0,Belarus,1.0,Yes,74058.0,694,2018-11-19
695,Brnaba,Battleson,bbattlesonja@ucla.edu,Training,1,0.0,Ukraine,0.75,No,75538.0,695,2005-04-11
697,Kris,Lepope,klepopejc@newsvine.com,Marketing,10,0.0,China,0.5,Yes,54795.0,697,1990-07-31
698,,Ovett,,Engineering,8,0.0,Japan,0.5,Yes,39083.0,698,
699,Vittorio,Carus,vcarusje@icio.us,Business Development,2,0.0,Indonesia,1.0,No,86199.0,699,2002-11-23
700,Tallia,Tesimon,ttesimonjf@youku.com,Business Development,2,1.0,China,0.75,No,97807.0,700,
701,Claudio,Noni,cnonijg@whitehouse.gov,Research and Development,6,0.0,Nepal,0.5,Yes,41270.0,701,2018-12-31
702,Madlen,Isakowicz,misakowiczjh@webeden.co.uk,Support,1,1.0,China,0.25,No,84031.0,702,
703,Jacynth,McGinnell,jmcginnellji@tmall.com,Legal,1,0.0,China,0.75,No,67865.0,703,2003-04-04
704,Benito,Cholmondeley,bcholmondeleyjj@google.com.hk,Human Resources,10,0.0,China,0.25,Yes,46678.0,704,2001-10-23
705,Gerri,Yashunin,gyashuninjk@phpbb.com,Sales,6,0.0,Ukraine,0.5,Yes,89075.0,705,1992-06-26
706,Minni,Artingstall,martingstalljl@homestead.com,Business Development,1,0.0,Philippines,1.0,Yes,57586.0,706,2009-08-13
707,Mack,Grinaway,mgrinawayjm@mozilla.com,Research and Development,2,0.0,Libya,0.25,No,97348.0,707,2008-05-17
708,Melba,Wileman,mwilemanjn@latimes.com,Training,4,0.0,Canada,1.0,No,96492.0,708,2015-11-03
709,Erek,Ganley,eganleyjo@rakuten.co.jp,Product Management,7,0.0,China,0.5,No,32489.0,709,2014-08-25
710,Horton,Szymanski,hszymanskijp@biglobe.ne.jp,Legal,8,0.0,Tunisia,1.0,Yes,81247.0,710,2005-08-17
711,Hendrik,Baudy,hbaudyjq@istockphoto.com,Legal,4,0.0,China,0.25,Yes,59703.0,711,2016-04-02
712,Gonzales,Askew,gaskewjr@google.ru,Training,2,0.0,Sweden,0.25,No,80669.0,712,2012-07-24
713,Taddeusz,Dedenham,tdedenhamjs@furl.net,Engineering,4,0.0,Indonesia,0.75,No,21581.0,713,2011-10-13
714,Remington,Moxson,,Sales,2,0.0,Indonesia,0.5,No,74136.0,714,2015-02-25
715,Richmound,Raith,rraithju@merriam-webster.com,Human Resources,4,0.0,France,1.0,No,97626.0,715,2001-01-27
716,Cordi,Mouget,cmougetjv@de.vu,Sales,9,0.0,Poland,0.75,No,42833.0,716,1991-08-24
717,Birk,Broadfield,,Services,5,0.0,Poland,0.75,No,63177.0,717,2000-02-23
718,Ansel,Baumer,abaumerjx@whitehouse.gov,Business Development,8,0.0,Canada,0.75,Yes,70634.0,718,1992-02-01
719,Weidar,Joost,wjoostjy@hatena.ne.jp,Marketing,9,0.0,Canada,0.75,Yes,28469.0,719,2000-05-17
720,Merrili,Mostyn,mmostynjz@imdb.com,Product Management,6,0.0,Indonesia,1.0,No,78688.0,720,
721,Donall,Danilenko,ddanilenkok0@earthlink.net,Research and Development,8,0.0,Indonesia,0.75,Yes,39150.0,721,1995-03-04
722,Cornelia,Cholerton,ccholertonk1@facebook.com,Business Development,2,0.0,Indonesia,0.25,No,60655.0,722,1990-10-25
723,Marja,Fawdry,mfawdryk2@cbc.ca,Legal,2,0.0,Serbia,0.5,No,76692.0,723,2006-04-06
724,Bucky,Aggett,,Legal,1,0.0,Israel,0.75,Yes,75992.0,724,2000-08-15
725,Ellery,Hanford,ehanfordk4@constantcontact.com,Marketing,6,0.0,Portugal,0.75,No,,725,1991-11-19
726,Trevor,Argo,targok5@infoseek.co.jp,Training,1,1.0,Japan,0.75,No,,726,2011-02-15
727,Gertie,Aizic,,Support,8,0.0,Nigeria,0.75,No,94662.0,727,1998-06-10
728,Tuck,O'Hartagan,tohartagank7@ebay.co.uk,Product Management,8,0.0,China,0.75,Yes,,728,2016-11-02
729,Alfy,Siddon,,Human Resources,8,0.0,Peru,0.5,No,64780.0,729,2013-07-20
730,Lucian,Harme,lharmek9@ted.com,Training,1,1.0,China,0.75,No,44417.0,730,1997-08-29
731,Skelly,Banford,sbanfordka@etsy.com,Sales,9,0.0,Indonesia,0.25,No,47048.0,731,2013-09-18
732,Boyce,Madgett,,Research and Development,4,0.0,Moldova,0.5,Yes,60230.0,732,2006-11-23
733,Sherline,Tincey,stinceykc@cnn.com,Legal,7,0.0,Ukraine,0.5,No,23032.0,733,1993-11-13
734,Taddeusz,Crawforth,tcrawforthkd@bbb.org,Research and Development,9,0.0,Russia,0.75,No,96917.0,734,2000-07-10
735,Egbert,Prue,eprueke@storify.com,Legal,7,1.0,Indonesia,0.5,No,88060.0,735,
736,,Pybus,fpybuskf@lycos.com,Marketing,5,0.0,Japan,1.0,No,25431.0,736,
737,Ellette,Parades,eparadeskg@posterous.com,Support,8,0.0,South Korea,1.0,Yes,49806.0,737,2002-09-22
738,Claudio,Evemy,,Research and Development,3,0.0,Russia,0.75,No,32675.0,738,1990-09-06
739,Sapphira,Cassin,scassinki@posterous.com,Human Resources,1,0.0,Belarus,1.0,Yes,36485.0,739,2009-07-12
740,Jozef,Mumbey,jmumbeykj@cmu.edu,Human Resources,10,0.0,Argentina,0.25,Yes,23483.0,740,
741,Danya,Wink,dwinkkk@livejournal.com,Marketing,6,1.0,Indonesia,0.75,No,32417.0,741,1994-04-01
742,Drusy,Gildroy,dgildroykl@ustream.tv,Training,9,,China,0.5,No,79279.0,742,2008-02-09
743,Alicia,Swigg,aswiggkm@irs.gov,Product Management,6,0.0,Philippines,0.75,No,20528.0,743,2007-09-15
744,Aaron,Lasty,alastykn@redcross.org,Sales,8,0.0,Philippines,0.5,Yes,,744,1994-08-01
745,Jordon,Terne,jterneko@reverbnation.com,Marketing,1,1.0,China,1.0,Yes,60300.0,745,1996-06-07
746,Sydelle,Lambkin,slambkinkp@com.com,Research and Development,2,0.0,Thailand,0.75,Yes,94624.0,746,2014-10-25
747,Janey,Philler,jphillerkq@dedecms.com,Services,1,1.0,Haiti,0.25,No,46641.0,747,1996-03-24
748,Tandy,Salthouse,,Accounting,6,0.0,Nicaragua,0.5,No,24696.0,748,2017-11-11
749,Marion,Spearman,mspearmanks@discuz.net,Training,6,0.0,Paraguay,1.0,Yes,53194.0,749,2002-08-17
750,Blancha,Jurczyk,bjurczykkt@gmpg.org,Business Development,4,0.0,Gambia,1.0,Yes,93041.0,750,2011-02-18
751,Retha,Mougel,rmougelku@princeton.edu,Product Management,8,0.0,Portugal,1.0,No,29142.0,751,2004-03-20
752,Maurise,Grogona,,Support,9,0.0,Tanzania,0.75,Yes,50256.0,752,1995-06-15
753,Karie,Domerc,,Engineering,4,1.0,Japan,1.0,No,63606.0,753,
754,Beth,Duffie,bduffiekx@youtube.com,Human Resources,6,0.0,Japan,0.75,No,37251.0,754,2000-11-21
755,Eadie,Ferrant,eferrantky@archive.org,Product Management,3,0.0,China,0.5,Yes,88824.0,755,2005-08-09
756,Valry,McGuane,vmcguanekz@newyorker.com,Support,3,1.0,Philippines,1.0,Yes,56370.0,756,2014-03-21
757,,Baldery,pbalderyl0@godaddy.com,Human Resources,7,0.0,Dominican Republic,0.5,Yes,40028.0,757,1998-05-18
758,Alastair,Brotherwood,abrotherwoodl1@yellowbook.com,Product Management,10,0.0,Brazil,0.5,Yes,94695.0,758,1998-01-02
759,Tarrah,Serotsky,,Training,7,0.0,Netherlands,0.75,Yes,36690.0,759,1998-03-25
760,Gustave,Truwert,gtruwertl3@wired.com,Training,10,0.0,China,0.75,Yes,99889.0,760,2008-10-29
761,Alane,Mirams,amiramsl4@washingtonpost.com,Legal,10,1.0,Thailand,1.0,Yes,40445.0,761,2003-11-09
762,Iain,Sinnie,,Legal,8,0.0,Cuba,0.25,Yes,47669.0,762,1994-04-15
763,Charil,Plan,cplanl6@loc.gov,Business Development,8,1.0,Brazil,0.75,Yes,80168.0,763,1999-03-01
764,Bennett,Rapp,brappl7@si.edu,Accounting,3,0.0,China,0.75,No,87043.0,764,2015-04-20
765,Lexy,Trapp,ltrappl8@fotki.com,Research and Development,2,,Indonesia,0.75,No,62490.0,765,2011-05-09
766,Virge,Bonhill,,Support,7,0.0,Indonesia,1.0,Yes,77347.0,766,2016-12-12
767,Roslyn,Vaisey,,Business Development,8,0.0,China,0.25,No,69122.0,767,1993-12-24
768,Jeno,Ikins,jikinslb@fotki.com,Legal,2,0.0,Panama,1.0,No,50296.0,768,1990-10-10
769,Margo,Johnson,,Research and Development,5,0.0,Peru,0.75,Yes,34334.0,769,2012-08-24
770,Nessi,Doerr,ndoerrld@typepad.com,Legal,9,1.0,Bosnia and Herzegovina,0.5,No,50057.0,770,1997-06-30
771,Merla,Henningham,mhenninghamle@soundcloud.com,Sales,9,0.0,Kuwait,0.75,No,97117.0,771,2014-08-10
772,Dagmar,Alf,dalflf@archive.org,Engineering,9,0.0,Argentina,1.0,Yes,65572.0,772,2016-12-23
773,Tatum,Hynson,thynsonlg@ebay.co.uk,Product Management,2,0.0,Russia,0.75,No,33540.0,773,2010-10-26
774,Claudius,Wasiela,cwasielalh@businessinsider.com,Accounting,1,0.0,Germany,0.75,No,24131.0,774,1993-11-18
775,Kimbell,Kibbee,kkibbeeli@twitter.com,Legal,7,0.0,Morocco,0.75,Yes,54822.0,775,1996-07-18
776,Toinette,Pele,,Human Resources,7,0.0,China,0.25,No,68914.0,776,2002-06-28
777,Der,Hanster,dhansterlk@admin.ch,Marketing,5,0.0,Japan,1.0,Yes,58976.0,777,2012-08-26
778,Ladonna,Kierans,lkieransll@hugedomains.com,Product Management,3,0.0,Vietnam,0.25,Yes,60309.0,778,1993-11-01
779,Lorraine,Beeckx,lbeeckxlm@toplist.cz,Legal,9,1.0,Norway,0.5,Yes,,779,2002-12-16
780,Berky,Petruszka,bpetruszkaln@ucoz.com,Accounting,7,0.0,Greece,0.25,No,90807.0,780,2011-01-10
781,Garek,Boylin,gboylinlo@shinystat.com,Support,8,0.0,Guatemala,0.5,Yes,75354.0,781,2016-07-03
782,Gordy,Root,grootlp@i2i.jp,Research and Development,10,0.0,East Timor,1.0,Yes,35866.0,782,1994-04-29
783,Morgen,Silberschatz,msilberschatzlq@who.int,Research and Development,8,0.0,Japan,0.25,Yes,31018.0,783,1991-08-25
784,Kory,Vaudrey,kvaudreylr@people.com.cn,Legal,2,1.0,Philippines,1.0,Yes,50239.0,784,2007-08-10
785,Veda,Jacop,vjacopls@ihg.com,Research and Development,8,0.0,Philippines,1.0,No,96346.0,785,2011-12-07
786,Eldon,Halvorsen,ehalvorsenlt@ucoz.ru,Engineering,1,1.0,Kazakhstan,0.75,Yes,40443.0,786,2010-07-05
787,Enrico,Mannion,emannionlu@is.gd,Human Resources,7,1.0,Philippines,0.25,Yes,97141.0,787,
788,Alexis,Davidoff,adavidofflv@who.int,Product Management,2,0.0,Serbia,0.75,No,52247.0,788,
789,Amii,Flowerden,aflowerdenlw@instagram.com,Services,7,0.0,China,1.0,Yes,43288.0,789,2015-09-24
790,Coleen,Cawt,ccawtlx@clickbank.net,Legal,6,1.0,Tunisia,0.25,Yes,66037.0,790,2004-04-23
791,Marice,Barff,mbarffly@buzzfeed.com,Research and Development,4,0.0,Greece,0.75,No,63607.0,791,1995-02-27
792,Georgianna,Elgar,gelgarlz@netvibes.com,Marketing,9,,Malaysia,0.5,Yes,65990.0,792,2003-02-21
793,Kathye,Pilpovic,kpilpovicm0@columbia.edu,Services,2,0.0,Philippines,0.75,Yes,84082.0,793,2009-10-31
794,Beale,Raynard,braynardm1@mail.ru,Support,8,0.0,Afghanistan,1.0,Yes,32849.0,794,2017-05-02
795,Benedikt,Wessell,bwessellm2@netlog.com,Research and Development,2,0.0,Philippines,0.75,Yes,88260.0,795,2001-10-01
796,,Sprake,rsprakem3@dailymotion.com,Accounting,7,0.0,Indonesia,0.75,No,86558.0,796,1990-09-19
797,Angil,Rothert,arothertm4@mac.com,Accounting,2,0.0,France,0.5,No,53792.0,797,2007-12-14
798,Caron,Moralee,cmoraleem5@bandcamp.com,Business Development,2,0.0,Spain,0.75,No,55712.0,798,2009-05-05
799,,Dytham,jdythamm6@edublogs.org,Research and Development,5,1.0,Malawi,0.25,No,,799,2018-10-04
800,Karl,Kalberer,kkalbererm7@wisc.edu,Legal,4,0.0,China,0.25,Yes,36658.0,800,2008-11-04
801,,Devonside,gdevonsidem8@ehow.com,Support,1,0.0,China,0.25,Yes,53596.0,801,1992-10-30
802,Graehme,Northover,gnorthoverm9@arizona.edu,Accounting,2,1.0,China,0.25,No,30350.0,802,2003-07-08
803,Troy,Vautre,tvautrema@deliciousdays.com,Product Management,10,0.0,Japan,0.75,No,71518.0,803,1991-01-17
804,Tracee,Fillan,tfillanmb@tinypic.com,Human Resources,3,0.0,Serbia,0.5,No,40516.0,804,
805,Gina,Arpur,garpurmc@symantec.com,Services,6,0.0,Russia,1.0,No,57551.0,805,
806,Thorvald,Harradence,tharradencemd@google.cn,Human Resources,4,0.0,China,1.0,No,,806,2010-07-28
807,Vanna,Fairbrother,vfairbrotherme@merriam-webster.com,Research and Development,5,1.0,China,0.25,Yes,69946.0,807,2014-01-07
808,Verla,Covotti,vcovottimf@msu.edu,Accounting,8,0.0,Armenia,1.0,Yes,84333.0,808,2011-03-26
809,Thomasin,Menichelli,tmenichellimg@addtoany.com,Marketing,3,0.0,China,0.25,Yes,91238.0,809,2002-11-25
810,Whitaker,Synder,wsyndermh@engadget.com,Research and Development,7,0.0,Russia,0.25,No,93709.0,810,1991-07-06
811,Mason,Beminster,mbeminstermi@alibaba.com,Training,4,0.0,Vietnam,0.75,No,,811,2005-07-09
812,Bruno,Elington,belingtonmj@yandex.ru,Legal,3,0.0,China,0.75,No,77025.0,812,2014-07-22
813,Lewie,Cuddehy,lcuddehymk@webeden.co.uk,Product Management,3,0.0,Poland,0.75,No,78331.0,813,2002-05-16
814,Derril,Foukx,dfoukxml@4shared.com,Training,7,0.0,China,0.5,Yes,28515.0,814,2010-11-05
815,Nikki,Linnett,nlinnettmm@rakuten.co.jp,Research and Development,2,0.0,United States,0.75,No,84589.0,815,2007-12-24
816,Ximenez,Labusch,xlabuschmn@adobe.com,Engineering,1,0.0,Nigeria,0.5,Yes,38315.0,816,2001-12-05
817,Berty,Dallimore,,Legal,10,0.0,Bulgaria,0.25,No,24703.0,817,2006-03-10
818,Marsha,Brasseur,mbrasseurmp@netvibes.com,Support,4,1.0,South Africa,0.25,Yes,28809.0,818,2012-06-29
819,Armstrong,Haly,,Legal,3,0.0,Laos,0.5,Yes,30696.0,819,2010-03-16
820,Papagena,Martinez,pmartinezmr@spiegel.de,Sales,10,0.0,Bosnia and Herzegovina,0.25,Yes,95131.0,820,2015-04-01
821,Jeana,McEnery,jmceneryms@posterous.com,Sales,3,0.0,China,0.75,Yes,22403.0,821,1990-04-12
822,Derril,Sharpin,dsharpinmt@dyndns.org,Marketing,2,0.0,Portugal,0.25,Yes,62041.0,822,2016-09-17
823,Corie,Stathers,cstathersmu@instagram.com,Services,4,0.0,Nigeria,0.25,Yes,41510.0,823,2017-11-05
824,Charmian,Cleaver,ccleavermv@topsy.com,Training,6,0.0,Indonesia,0.5,Yes,30389.0,824,2010-08-14
825,Peter,Finby,,Human Resources,5,0.0,Sweden,0.75,No,24041.0,825,2000-07-04
826,Andy,Ranvoise,aranvoisemx@kickstarter.com,Services,6,1.0,Indonesia,1.0,,51628.0,826,2018-10-03
827,Orlan,Collete,ocolletemy@rambler.ru,Services,9,0.0,Philippines,0.25,No,95141.0,827,2017-05-14
828,Mabelle,Wanklin,mwanklinmz@wikimedia.org,Training,4,1.0,Greece,0.5,No,,828,2009-05-14
829,,Lowfill,jlowfilln0@mtv.com,Product Management,1,1.0,Czech Republic,0.75,Yes,32998.0,829,1997-01-20
830,Hedy,Gate,hgaten1@java.com,Legal,2,0.0,Indonesia,0.5,No,82391.0,830,1993-12-15
831,Philbert,Southward,psouthwardn2@hatena.ne.jp,Marketing,6,1.0,Greece,0.25,No,27227.0,831,2014-08-25
832,Tome,Crummie,tcrummien3@comcast.net,Product Management,9,0.0,China,1.0,,46556.0,832,2007-04-07
833,Eduino,Bentjens,,Legal,8,0.0,Poland,0.5,Yes,80073.0,833,2008-02-11
834,Ellynn,Simonyi,esimonyin5@ucoz.ru,Research and Development,1,0.0,Slovenia,0.75,No,78828.0,834,2007-12-22
835,Josias,Scotney,jscotneyn6@nbcnews.com,Sales,5,0.0,United States,0.75,Yes,34754.0,835,2018-03-21
836,Dwayne,Dibson,ddibsonn7@comsenz.com,Research and Development,1,0.0,Nicaragua,0.75,Yes,26429.0,836,2017-03-05
837,Giraldo,Franies,gfraniesn8@gmpg.org,Human Resources,6,0.0,Spain,0.5,Yes,44617.0,837,1997-04-05
838,Carlee,De Clairmont,cdeclairmontn9@admin.ch,Research and Development,4,0.0,Indonesia,0.75,Yes,49353.0,838,2002-02-27
839,Stafani,Ashbridge,sashbridgena@epa.gov,Support,10,0.0,China,0.75,No,59589.0,839,1996-11-26
840,Veronica,Noore,vnoorenb@cnbc.com,Product Management,2,0.0,China,0.5,,92594.0,840,2004-06-23
841,Gualterio,Withnall,gwithnallnc@aboutads.info,Engineering,6,0.0,Ivory Coast,1.0,Yes,83370.0,841,1992-07-06
842,,McGeorge,,Training,5,0.0,United States,1.0,No,78538.0,842,1991-07-31
843,Tades,Dregan,,Legal,6,0.0,China,0.25,No,43868.0,843,2001-11-28
844,Evan,Slad,esladnf@bigcartel.com,Services,8,0.0,China,0.25,Yes,52076.0,844,1991-09-15
845,Christabella,Arnholz,carnholzng@slate.com,Sales,6,0.0,China,0.25,Yes,58347.0,845,1992-07-09
846,Sheena,Leate,sleatenh@cam.ac.uk,Business Development,3,0.0,Mexico,0.5,No,72142.0,846,1996-02-14
847,Forest,Callam,,Legal,5,0.0,Russia,0.5,No,42103.0,847,1995-01-17
848,Guenna,Giamitti,ggiamittinj@ocn.ne.jp,Training,10,0.0,Brazil,0.25,No,,848,1993-06-10
849,Carol,Orable,corablenk@lycos.com,Engineering,4,1.0,United States,0.25,Yes,58927.0,849,
850,Brunhilde,Udall,budallnl@bing.com,Legal,2,1.0,Sweden,0.75,Yes,81648.0,850,1997-03-09
851,Agustin,Jeandin,ajeandinnm@paypal.com,Engineering,3,0.0,Thailand,0.25,No,85953.0,851,2017-02-17
852,Reta,McFee,rmcfeenn@seesaa.net,Services,9,0.0,Philippines,0.5,No,37774.0,852,
853,Hamid,Towson,htowsonno@japanpost.jp,Legal,3,1.0,Thailand,1.0,No,32833.0,853,2000-10-18
854,Madelaine,Grigson,mgrigsonnp@usnews.com,Support,7,0.0,Palestinian Territory,0.5,Yes,67508.0,854,2015-09-27
855,Ferrell,Baynard,fbaynardnq@godaddy.com,Research and Development,7,1.0,Sweden,0.75,No,25989.0,855,2017-11-22
856,Alix,Wardall,,Support,7,0.0,Philippines,0.75,Yes,70794.0,856,1995-08-31
857,Frederigo,Bountiff,fbountiffns@networksolutions.com,Support,3,1.0,China,0.5,No,46666.0,857,
858,Hayden,Christmas,hchristmasnt@xing.com,Business Development,7,1.0,Sweden,0.5,No,79336.0,858,2013-11-29
859,Corny,Yearn,,Engineering,3,0.0,Brazil,0.25,Yes,99798.0,859,1990-01-25
860,Kizzie,Rabidge,krabidgenv@jugem.jp,Legal,3,0.0,Indonesia,1.0,No,98422.0,860,2008-02-25
861,Jamie,McDunlevy,jmcdunlevynw@newyorker.com,Engineering,8,1.0,Japan,1.0,Yes,72007.0,861,2011-01-14
862,Berenice,Ordidge,bordidgenx@vistaprint.com,Product Management,6,,Armenia,1.0,No,40277.0,862,1996-02-19
863,Kristy,Rowet,krowetny@washington.edu,Accounting,6,0.0,Indonesia,0.5,,67882.0,863,2004-07-21
864,Cooper,Lehrer,clehrernz@liveinternet.ru,Engineering,5,0.0,Botswana,0.25,No,,864,1996-09-04
865,Keri,Herrema,kherremao0@usnews.com,Research and Development,3,0.0,China,0.25,No,50364.0,865,1998-09-03
866,Dallas,Last,dlasto1@disqus.com,Human Resources,9,0.0,Nicaragua,0.25,Yes,53345.0,866,1997-11-19
867,Cullen,Mandel,cmandelo2@bluehost.com,Training,7,0.0,China,0.75,Yes,40134.0,867,1996-02-11
868,Nell,Harbidge,nharbidgeo3@xinhuanet.com,Human Resources,1,0.0,Spain,0.5,No,78350.0,868,2005-05-28
869,Jackquelin,Piser,jpisero4@nhs.uk,Engineering,9,0.0,Sudan,0.25,Yes,,869,2001-12-20
870,Stefa,Sowray,,Services,7,1.0,Portugal,0.5,Yes,,870,1997-06-04
871,Gwyn,Bruhnke,gbruhnkeo6@unblog.fr,Product Management,6,0.0,Iran,0.75,No,66380.0,871,2005-05-16
872,Ray,Safont,,Training,6,1.0,Argentina,0.75,Yes,24238.0,872,2005-02-10
873,Gleda,Trussell,gtrussello8@woothemes.com,Research and Development,3,0.0,Thailand,1.0,Yes,93589.0,873,2004-07-28
874,Dionis,Tonry,dtonryo9@uol.com.br,Research and Development,4,0.0,Palestinian Territory,0.25,No,67063.0,874,2004-09-21
875,Rodney,Love,rloveoa@irs.gov,Business Development,6,1.0,Denmark,1.0,Yes,49310.0,875,1998-07-31
876,Launce,Fidge,,Engineering,4,0.0,China,0.25,Yes,92137.0,876,2001-08-27
877,Darelle,Oley,doleyoc@sogou.com,Training,3,1.0,Russia,1.0,No,98524.0,877,1992-12-12
878,Sarena,Barwis,sbarwisod@jigsy.com,Marketing,4,0.0,China,0.5,Yes,64261.0,878,1998-08-12
879,Jackquelin,Gillon,jgillonoe@xing.com,Marketing,4,1.0,China,0.5,No,53035.0,879,
880,Johan,Tutill,jtutillof@blogtalkradio.com,Research and Development,2,0.0,Russia,1.0,No,91108.0,880,1991-12-12
881,Filberte,Houldcroft,fhouldcroftog@virginia.edu,Accounting,5,0.0,China,0.75,No,96108.0,881,2006-09-06
882,Mart,Arenson,marensonoh@admin.ch,Human Resources,9,1.0,Russia,0.5,Yes,68326.0,882,1996-03-31
883,Halsey,Reedshaw,hreedshawoi@dailymail.co.uk,Accounting,6,0.0,Greece,1.0,No,80988.0,883,1992-01-07
884,Frankie,Phipson,fphipsonoj@whitehouse.gov,Research and Development,2,0.0,Brazil,0.75,No,20533.0,884,2014-07-14
885,Neilla,Meynell,nmeynellok@cornell.edu,Accounting,4,0.0,China,0.5,Yes,46178.0,885,2006-03-30
886,Rebbecca,Stanbridge,rstanbridgeol@phpbb.com,Product Management,2,1.0,South Sudan,0.75,No,79142.0,886,1992-12-28
887,Yasmin,Benedetti,ybenedettiom@mail.ru,Human Resources,4,0.0,China,0.5,No,85495.0,887,2006-05-09
888,Aida,Di Domenico,adidomenicoon@themeforest.net,Sales,2,0.0,United States,1.0,,27446.0,888,2002-07-01
889,Augustine,Shrubshall,ashrubshalloo@vistaprint.com,Engineering,6,0.0,Portugal,0.5,No,74180.0,889,2001-02-10
890,Marci,Nelson,mnelsonop@xinhuanet.com,Human Resources,4,0.0,Indonesia,0.75,No,73200.0,890,2017-08-09
891,Iolanthe,Stringer,istringeroq@scribd.com,Services,9,1.0,United States,1.0,Yes,68742.0,891,1992-03-23
892,Yetty,Dechelle,,Accounting,1,0.0,China,0.75,No,75095.0,892,1997-05-15
893,Jacqui,Emanuel,jemanuelos@walmart.com,Product Management,5,1.0,Laos,1.0,No,35473.0,893,2001-05-10
894,Giovanni,Maddrell,,Services,1,1.0,Ukraine,0.75,Yes,34932.0,894,1999-10-18
895,Uriah,Balhatchet,ubalhatchetou@posterous.com,Human Resources,1,1.0,United States,1.0,No,62266.0,895,1991-12-27
896,Jany,Stollwerck,jstollwerckov@tuttocitta.it,Legal,6,0.0,China,0.25,No,44869.0,896,1992-04-07
897,Samaria,Writtle,swrittleow@zimbio.com,Sales,4,0.0,Indonesia,1.0,Yes,48671.0,897,
898,Ambrosi,McPhelim,amcphelimox@imdb.com,Support,9,0.0,Pakistan,0.5,No,77092.0,898,2011-03-06
899,Spenser,Mote,smoteoy@webeden.co.uk,Training,10,0.0,Reunion,0.5,Yes,34868.0,899,2002-06-08
900,Sonya,Hubbard,shubbardoz@zimbio.com,Human Resources,6,0.0,Philippines,0.5,No,50014.0,900,2004-07-27
901,Garland,Belfit,gbelfitp0@jiathis.com,Human Resources,9,0.0,Indonesia,1.0,No,36575.0,901,1990-08-04
902,Goran,McGinn,gmcginnp1@meetup.com,Sales,4,0.0,Philippines,0.5,Yes,45115.0,902,2007-07-31
903,Raleigh,Ropkes,rropkesp2@google.nl,Legal,6,0.0,Tanzania,0.5,No,75063.0,903,2001-01-01
904,Gianni,Redfearn,gredfearnp3@uol.com.br,Product Management,5,0.0,Brazil,0.25,Yes,65009.0,904,1995-10-16
905,Meridith,Veitch,mveitchp4@weather.com,Accounting,2,0.0,China,0.25,No,,905,1997-09-11
906,Allegra,Valentine,avalentinep5@yandex.ru,Research and Development,6,0.0,China,0.75,Yes,22973.0,906,1997-02-17
907,Jolee,Hamer,,Engineering,1,0.0,United States,0.75,Yes,62412.0,907,1995-02-20
908,Karna,Demead,kdemeadp7@wired.com,Human Resources,2,0.0,Philippines,0.5,Yes,31076.0,908,2002-01-24
909,Trish,Thynn,tthynnp8@cam.ac.uk,Accounting,7,1.0,Portugal,1.0,Yes,47544.0,909,2003-03-17
910,Otha,Lumsdon,olumsdonp9@photobucket.com,Support,5,0.0,China,1.0,Yes,89126.0,910,1995-04-06
911,Gabrila,Maudett,gmaudettpa@hostgator.com,Product Management,6,0.0,France,0.5,Yes,41185.0,911,2016-06-15
912,Georgia,Beagles,gbeaglespb@imgur.com,Human Resources,10,0.0,North Korea,0.75,No,97257.0,912,2004-02-06
913,Vaclav,Antrim,vantrimpc@usgs.gov,Human Resources,10,0.0,Mexico,0.25,Yes,43980.0,913,2009-06-19
914,Daveen,De Lasci,ddelascipd@loc.gov,Support,5,0.0,Honduras,0.75,Yes,41651.0,914,2009-01-06
915,Tabor,Burtwhistle,,Support,3,0.0,China,0.75,No,64555.0,915,
916,Emlyn,Berriball,eberriballpf@mozilla.com,Sales,8,0.0,Poland,0.25,,62976.0,916,1993-12-08
917,Brett,Macura,bmacurapg@pagesperso-orange.fr,Legal,7,0.0,China,1.0,No,95525.0,917,
918,Avril,Ibell,aibellph@who.int,Product Management,5,1.0,Philippines,0.25,Yes,73488.0,918,2019-04-15
919,Symon,Bolletti,sbollettipi@facebook.com,Accounting,1,0.0,Russia,0.5,Yes,28861.0,919,1994-04-15
920,Janaya,Giacopazzi,jgiacopazzipj@baidu.com,Training,5,0.0,Antigua and Barbuda,1.0,Yes,66154.0,920,2014-05-20
921,Gardner,Routh,grouthpk@feedburner.com,Human Resources,8,1.0,Georgia,1.0,No,62858.0,921,
922,Conn,Robiot,crobiotpl@storify.com,Human Resources,9,1.0,Zambia,0.25,No,35786.0,922,1991-07-23
923,Chrystal,Husher,chusherpm@bandcamp.com,Engineering,2,1.0,United States,0.5,Yes,49666.0,923,2012-05-03
924,Claus,Hadigate,chadigatepn@diigo.com,Marketing,6,0.0,Sweden,1.0,No,,924,2008-10-01
925,Mano,O'Dowd,modowdpo@blogs.com,Business Development,3,0.0,Philippines,1.0,Yes,81828.0,925,2003-09-02
926,Orlando,Chessill,ochessillpp@boston.com,Product Management,2,0.0,Mongolia,1.0,No,91487.0,926,2003-12-28
927,Wendye,Gilhooly,wgilhoolypq@naver.com,Legal,1,1.0,Uzbekistan,0.75,No,42985.0,927,2006-06-12
928,Tremaine,Gilffilland,tgilffillandpr@shareasale.com,Legal,8,1.0,Swaziland,0.75,Yes,23970.0,928,1994-01-13
929,Elana,Gennrich,egennrichps@google.it,Marketing,8,1.0,China,0.75,Yes,34126.0,929,
930,Travers,De Stoop,tdestooppt@deliciousdays.com,Services,9,1.0,China,0.5,No,53400.0,930,2016-09-12
931,Abeu,Pawden,apawdenpu@comcast.net,Sales,6,0.0,Afghanistan,0.75,Yes,58366.0,931,2016-03-01
932,Maxi,Jirus,mjiruspv@goo.gl,Human Resources,8,0.0,Mexico,0.5,,43812.0,932,2012-05-03
933,Mitchell,Prydie,mprydiepw@pbs.org,Research and Development,1,0.0,China,1.0,Yes,62576.0,933,1997-03-20
934,Merilee,Caller,mcallerpx@comcast.net,Accounting,10,0.0,China,0.5,Yes,81255.0,934,2012-05-30
935,Sigismondo,Bredgeland,sbredgelandpy@posterous.com,Human Resources,10,0.0,China,1.0,No,29735.0,935,2014-09-13
936,Audrey,Bayns,abaynspz@1688.com,Research and Development,6,1.0,Czech Republic,0.5,Yes,39554.0,936,2010-01-22
937,Bailie,McLennan,bmclennanq0@soup.io,Services,6,0.0,Brazil,0.75,Yes,20306.0,937,2018-09-22
938,Bekki,Belshaw,bbelshawq1@blogs.com,Business Development,5,,Honduras,0.75,No,25593.0,938,2010-11-14
939,Keri,Penhalewick,kpenhalewickq2@deliciousdays.com,Marketing,8,0.0,Pakistan,0.5,Yes,64607.0,939,2015-03-19
940,Joella,Leavold,jleavoldq3@sogou.com,Product Management,8,1.0,Spain,0.5,Yes,74851.0,940,2013-12-30
941,Trumann,Turbitt,tturbittq4@de.vu,Legal,7,0.0,Argentina,0.5,No,83605.0,941,2004-09-18
942,Isobel,McMillan,,Human Resources,7,0.0,Philippines,0.75,Yes,,942,2011-10-18
943,Marleen,Stolze,mstolzeq6@usda.gov,Human Resources,7,0.0,Poland,0.25,No,48619.0,943,2015-10-03
944,Velvet,Mellodey,vmellodeyq7@huffingtonpost.com,Legal,2,0.0,Philippines,0.75,Yes,70961.0,944,
945,Brynn,Fruser,,Research and Development,5,0.0,China,0.25,No,70689.0,945,2018-06-18
946,Belle,Buckwell,bbuckwellq9@bbc.co.uk,Marketing,2,0.0,Morocco,0.75,No,91824.0,946,
947,Patrice,Chitty,,Support,8,0.0,Russia,0.25,No,99853.0,947,2015-01-20
948,Justus,Duprey,jdupreyqb@feedburner.com,Sales,3,0.0,Ukraine,0.25,Yes,86074.0,948,2018-01-14
949,Aldo,Leroy,aleroyqc@skyrock.com,Marketing,7,0.0,China,1.0,Yes,71398.0,949,1997-03-27
950,Shell,Over,soverqd@icio.us,Engineering,9,0.0,Canada,0.75,No,82488.0,950,2001-07-12
951,Missie,Ollington,mollingtonqe@opensource.org,Product Management,3,1.0,China,0.25,Yes,46856.0,951,2004-01-29
952,Manuel,Ferrarotti,mferrarottiqf@ovh.net,Engineering,6,0.0,China,0.75,No,45302.0,952,2003-02-16
953,Konstance,Gynn,,Business Development,6,1.0,Australia,0.25,Yes,27897.0,953,2005-08-01
954,Augustine,Le Galle,,Research and Development,9,0.0,France,0.25,Yes,95564.0,954,2007-12-01
955,Martainn,McCaughan,mmccaughanqi@dion.ne.jp,Marketing,10,0.0,Finland,0.75,No,,955,
956,Terry,Sawforde,tsawfordeqj@mit.edu,Engineering,10,1.0,Indonesia,0.75,No,75640.0,956,1996-04-24
957,Devy,Corsar,dcorsarqk@princeton.edu,Human Resources,6,1.0,China,0.75,No,50180.0,957,2016-04-19
958,Massimiliano,Emsden,memsdenql@goodreads.com,Services,2,,China,0.75,No,90171.0,958,2012-08-06
959,Margo,Keaves,mkeavesqm@google.com,Sales,3,0.0,Pakistan,1.0,No,81942.0,959,2004-06-12
960,Joela,McClenaghan,jmcclenaghanqn@aboutads.info,Legal,10,0.0,China,1.0,Yes,56952.0,960,2011-02-19
961,Martguerita,Cervantes,mcervantesqo@webnode.com,Accounting,4,0.0,Russia,0.75,No,70199.0,961,2005-08-18
962,Massimiliano,Cowlard,mcowlardqp@sciencedirect.com,Support,6,0.0,Malaysia,1.0,Yes,37950.0,962,2012-03-15
963,Jessalin,Gobbet,jgobbetqq@ameblo.jp,Accounting,1,1.0,Tanzania,1.0,No,99551.0,963,2000-07-12
964,Ellie,Bramham,ebramhamqr@comsenz.com,Human Resources,6,1.0,Indonesia,0.25,No,78518.0,964,1996-05-15
965,Brucie,Ceschini,bceschiniqs@edublogs.org,Sales,1,0.0,Chile,1.0,Yes,99634.0,965,1999-07-30
966,Cash,Burbury,cburburyqt@prnewswire.com,Engineering,1,0.0,Tunisia,0.25,No,64494.0,966,2010-12-04
967,Elsinore,Stein,,Legal,2,0.0,Malaysia,1.0,Yes,,967,2013-01-25
968,Tara,Simonyi,tsimonyiqv@tamu.edu,Services,9,0.0,Philippines,0.75,Yes,42243.0,968,1992-07-06
969,Shayla,Pinsent,spinsentqw@etsy.com,Training,1,0.0,Philippines,1.0,No,26673.0,969,1994-06-20
970,Misha,Shotboulte,mshotboulteqx@house.gov,Marketing,6,0.0,United States,0.25,Yes,51165.0,970,
971,Shelagh,Leys,sleysqy@amazonaws.com,Accounting,7,0.0,China,1.0,Yes,59776.0,971,2010-02-19
972,Fernando,MacWhirter,fmacwhirterqz@marriott.com,Product Management,10,0.0,France,1.0,Yes,99086.0,972,
973,Constantine,Mosley,cmosleyr0@typepad.com,Human Resources,7,0.0,China,0.75,Yes,21164.0,973,1990-12-06
974,,Hemerijk,hhemerijkr1@altervista.org,Human Resources,1,0.0,Hong Kong,0.25,Yes,81814.0,974,2018-10-24
975,Leonie,Haggleton,,Sales,8,0.0,Indonesia,0.5,,87628.0,975,1990-02-25
976,Fransisco,Rue,fruer3@reverbnation.com,Training,7,0.0,Mayotte,0.75,No,89297.0,976,2008-05-30
977,Leonanie,Joris,ljorisr4@army.mil,Research and Development,5,0.0,Poland,0.5,No,77140.0,977,2010-03-28
978,Pandora,Duesbury,pduesburyr5@people.com.cn,Marketing,2,1.0,Philippines,0.5,Yes,42685.0,978,1995-02-09
979,Tam,Tsar,ttsarr6@smh.com.au,Engineering,9,0.0,Argentina,1.0,Yes,37676.0,979,1990-03-17
980,Phylis,Cliss,,Sales,2,0.0,China,0.5,No,55936.0,980,2001-09-09
981,Kelley,Le Batteur,klebatteurr8@photobucket.com,Accounting,5,0.0,Colombia,0.25,Yes,97328.0,981,2016-01-18
982,Maurita,Sirkett,msirkettr9@webs.com,Legal,6,0.0,Ecuador,0.25,No,97989.0,982,2006-12-09
983,Annadiane,Karle,,Accounting,10,,Ukraine,0.25,Yes,40524.0,983,2003-04-17
984,Lenette,Cameron,lcameronrb@economist.com,Product Management,3,0.0,China,0.5,Yes,83562.0,984,2009-06-17
985,Bernardine,Brasier,bbrasierrc@wiley.com,Training,6,0.0,Portugal,0.5,No,,985,1997-02-26
986,Pennie,Hanhardt,phanhardtrd@flavors.me,Engineering,10,0.0,Libya,0.75,Yes,23358.0,986,2006-02-24
987,Allix,Selbie,,Product Management,5,,Paraguay,0.5,Yes,28961.0,987,1992-02-21
988,Darius,Uman,dumanrf@weebly.com,Business Development,10,0.0,China,0.5,Yes,46370.0,988,2006-08-01
989,Rosalynd,Carville,rcarvillerg@smugmug.com,Support,10,0.0,Iran,0.25,No,25805.0,989,2008-05-09
990,Malvina,Tiernan,mtiernanrh@vk.com,Support,6,0.0,Ukraine,0.25,No,55582.0,990,2004-05-27
991,Mahalia,Scotson,mscotsonri@arstechnica.com,Product Management,6,1.0,China,0.25,No,66119.0,991,2012-11-09
992,Yanaton,Kollach,ykollachrj@gizmodo.com,Services,4,0.0,Brazil,0.75,No,41666.0,992,1991-11-28
993,Melina,Simpole,msimpolerk@blogspot.com,Business Development,1,1.0,China,0.25,No,83585.0,993,
994,Dani,Berthelet,dbertheletrl@si.edu,Legal,5,1.0,Chile,1.0,Yes,85316.0,994,1999-09-24
995,Anetta,Housiaux,ahousiauxrm@japanpost.jp,Sales,9,0.0,Indonesia,0.5,No,51158.0,995,2012-02-21
996,Jacky,Josefsen,jjosefsenrn@seattletimes.com,Training,6,1.0,Colombia,0.25,No,75840.0,996,2011-11-03
997,Carlina,Pirot,cpirotro@archive.org,Business Development,2,0.0,China,1.0,No,63189.0,997,2018-08-30
998,Wileen,Skones,wskonesrp@hhs.gov,Accounting,4,0.0,Uganda,0.25,Yes,81734.0,998,2000-11-26
999,Willy,Dulake,wdulakerq@webeden.co.uk,Business Development,9,0.0,Colombia,0.25,No,21590.0,999,2018-08-01
1000,Maribelle,Rotge,mrotgerr@google.co.uk,Research and Development,5,0.0,Brazil,0.5,Yes,62531.0,1000,2019-03-09
3,Saleem,Adame,sadame3@utexas.edu,Services,9,0.0,Portugal,0.25,Yes,91749.0,3,1999-10-09
